column;datatype
eid;int64
metabolomics_Apolipoprotein.B;float64
metabolomics_Apolipoprotein.A1;float64
metabolomics_Alanine;float64
metabolomics_Glutamine;float64
metabolomics_Glycine;float64
metabolomics_Histidine;float64
metabolomics_Total.Concentration.of.Branched.Chain.Amino.Acids..Leucine...Isoleucine...Valine.;float64
metabolomics_Isoleucine;float64
metabolomics_Leucine;float64
metabolomics_Valine;float64
metabolomics_Phenylalanine;float64
metabolomics_Tyrosine;float64
metabolomics_Average.Diameter.for.VLDL.Particles;float64
metabolomics_Average.Diameter.for.LDL.Particles;float64
metabolomics_Average.Diameter.for.HDL.Particles;float64
metabolomics_Total.Concentration.of.Lipoprotein.Particles;float64
metabolomics_Concentration.of.VLDL.Particles;float64
metabolomics_Concentration.of.LDL.Particles;float64
metabolomics_Concentration.of.HDL.Particles;float64
metabolomics_Concentration.of.Chylomicrons.and.Extremely.Large.VLDL.Particles;float64
metabolomics_Concentration.of.Very.Large.VLDL.Particles;float64
metabolomics_Concentration.of.Large.VLDL.Particles;float64
metabolomics_Concentration.of.Medium.VLDL.Particles;float64
metabolomics_Concentration.of.Small.VLDL.Particles;float64
metabolomics_Concentration.of.Very.Small.VLDL.Particles;float64
metabolomics_Concentration.of.IDL.Particles;float64
metabolomics_Concentration.of.Large.LDL.Particles;float64
metabolomics_Concentration.of.Medium.LDL.Particles;float64
metabolomics_Concentration.of.Small.LDL.Particles;float64
metabolomics_Concentration.of.Very.Large.HDL.Particles;float64
metabolomics_Concentration.of.Large.HDL.Particles;float64
metabolomics_Concentration.of.Medium.HDL.Particles;float64
metabolomics_Concentration.of.Small.HDL.Particles;float64
metabolomics_Total.Cholesterol;float64
metabolomics_Total.Cholesterol.Minus.HDL.C;float64
metabolomics_Remnant.Cholesterol..Non.HDL..Non.LDL..Cholesterol.;float64
metabolomics_VLDL.Cholesterol;float64
metabolomics_Clinical.LDL.Cholesterol;float64
metabolomics_LDL.Cholesterol;float64
metabolomics_HDL.Cholesterol;float64
metabolomics_Cholesterol.in.Chylomicrons.and.Extremely.Large.VLDL;float64
metabolomics_Cholesterol.in.Very.Large.VLDL;float64
metabolomics_Cholesterol.in.Large.VLDL;float64
metabolomics_Cholesterol.in.Medium.VLDL;float64
metabolomics_Cholesterol.in.Small.VLDL;float64
metabolomics_Cholesterol.in.Very.Small.VLDL;float64
metabolomics_Cholesterol.in.IDL;float64
metabolomics_Cholesterol.in.Large.LDL;float64
metabolomics_Cholesterol.in.Medium.LDL;float64
metabolomics_Cholesterol.in.Small.LDL;float64
metabolomics_Cholesterol.in.Very.Large.HDL;float64
metabolomics_Cholesterol.in.Large.HDL;float64
metabolomics_Cholesterol.in.Medium.HDL;float64
metabolomics_Cholesterol.in.Small.HDL;float64
metabolomics_Total.Esterified.Cholesterol;float64
metabolomics_Cholesteryl.Esters.in.VLDL;float64
metabolomics_Cholesteryl.Esters.in.LDL;float64
metabolomics_Cholesteryl.Esters.in.HDL;float64
metabolomics_Cholesteryl.Esters.in.Chylomicrons.and.Extremely.Large.VLDL;float64
metabolomics_Cholesteryl.Esters.in.Very.Large.VLDL;float64
metabolomics_Cholesteryl.Esters.in.Large.VLDL;float64
metabolomics_Cholesteryl.Esters.in.Medium.VLDL;float64
metabolomics_Cholesteryl.Esters.in.Small.VLDL;float64
metabolomics_Cholesteryl.Esters.in.Very.Small.VLDL;float64
metabolomics_Cholesteryl.Esters.in.IDL;float64
metabolomics_Cholesteryl.Esters.in.Large.LDL;float64
metabolomics_Cholesteryl.Esters.in.Medium.LDL;float64
metabolomics_Cholesteryl.Esters.in.Small.LDL;float64
metabolomics_Cholesteryl.Esters.in.Very.Large.HDL;float64
metabolomics_Cholesteryl.Esters.in.Large.HDL;float64
metabolomics_Cholesteryl.Esters.in.Medium.HDL;float64
metabolomics_Cholesteryl.Esters.in.Small.HDL;float64
metabolomics_Total.Free.Cholesterol;float64
metabolomics_Free.Cholesterol.in.VLDL;float64
metabolomics_Free.Cholesterol.in.LDL;float64
metabolomics_Free.Cholesterol.in.HDL;float64
metabolomics_Free.Cholesterol.in.Chylomicrons.and.Extremely.Large.VLDL;float64
metabolomics_Free.Cholesterol.in.Very.Large.VLDL;float64
metabolomics_Free.Cholesterol.in.Large.VLDL;float64
metabolomics_Free.Cholesterol.in.Medium.VLDL;float64
metabolomics_Free.Cholesterol.in.Small.VLDL;float64
metabolomics_Free.Cholesterol.in.Very.Small.VLDL;float64
metabolomics_Free.Cholesterol.in.IDL;float64
metabolomics_Free.Cholesterol.in.Large.LDL;float64
metabolomics_Free.Cholesterol.in.Medium.LDL;float64
metabolomics_Free.Cholesterol.in.Small.LDL;float64
metabolomics_Free.Cholesterol.in.Very.Large.HDL;float64
metabolomics_Free.Cholesterol.in.Large.HDL;float64
metabolomics_Free.Cholesterol.in.Medium.HDL;float64
metabolomics_Free.Cholesterol.in.Small.HDL;float64
metabolomics_Total.Phospholipids.in.Lipoprotein.Particles;float64
metabolomics_Phospholipids.in.VLDL;float64
metabolomics_Phospholipids.in.LDL;float64
metabolomics_Phospholipids.in.HDL;float64
metabolomics_Phospholipids.in.Chylomicrons.and.Extremely.Large.VLDL;float64
metabolomics_Phospholipids.in.Very.Large.VLDL;float64
metabolomics_Phospholipids.in.Large.VLDL;float64
metabolomics_Phospholipids.in.Medium.VLDL;float64
metabolomics_Phospholipids.in.Small.VLDL;float64
metabolomics_Phospholipids.in.Very.Small.VLDL;float64
metabolomics_Phospholipids.in.IDL;float64
metabolomics_Phospholipids.in.Large.LDL;float64
metabolomics_Phospholipids.in.Medium.LDL;float64
metabolomics_Phospholipids.in.Small.LDL;float64
metabolomics_Phospholipids.in.Very.Large.HDL;float64
metabolomics_Phospholipids.in.Large.HDL;float64
metabolomics_Phospholipids.in.Medium.HDL;float64
metabolomics_Phospholipids.in.Small.HDL;float64
metabolomics_Total.Lipids.in.Lipoprotein.Particles;float64
metabolomics_Total.Lipids.in.VLDL;float64
metabolomics_Total.Lipids.in.LDL;float64
metabolomics_Total.Lipids.in.HDL;float64
metabolomics_Total.Lipids.in.Chylomicrons.and.Extremely.Large.VLDL;float64
metabolomics_Total.Lipids.in.Very.Large.VLDL;float64
metabolomics_Total.Lipids.in.Large.VLDL;float64
metabolomics_Total.Lipids.in.Medium.VLDL;float64
metabolomics_Total.Lipids.in.Small.VLDL;float64
metabolomics_Total.Lipids.in.Very.Small.VLDL;float64
metabolomics_Total.Lipids.in.IDL;float64
metabolomics_Total.Lipids.in.Large.LDL;float64
metabolomics_Total.Lipids.in.Medium.LDL;float64
metabolomics_Total.Lipids.in.Small.LDL;float64
metabolomics_Total.Lipids.in.Very.Large.HDL;float64
metabolomics_Total.Lipids.in.Large.HDL;float64
metabolomics_Total.Lipids.in.Medium.HDL;float64
metabolomics_Total.Lipids.in.Small.HDL;float64
metabolomics_Phosphoglycerides;float64
metabolomics_Total.Cholines;float64
metabolomics_Phosphatidylcholines;float64
metabolomics_Sphingomyelins;float64
metabolomics_Total.Triglycerides;float64
metabolomics_Triglycerides.in.VLDL;float64
metabolomics_Triglycerides.in.LDL;float64
metabolomics_Triglycerides.in.HDL;float64
metabolomics_Triglycerides.in.Chylomicrons.and.Extremely.Large.VLDL;float64
metabolomics_Triglycerides.in.Very.Large.VLDL;float64
metabolomics_Triglycerides.in.Large.VLDL;float64
metabolomics_Triglycerides.in.Medium.VLDL;float64
metabolomics_Triglycerides.in.Small.VLDL;float64
metabolomics_Triglycerides.in.Very.Small.VLDL;float64
metabolomics_Triglycerides.in.IDL;float64
metabolomics_Triglycerides.in.Large.LDL;float64
metabolomics_Triglycerides.in.Medium.LDL;float64
metabolomics_Triglycerides.in.Small.LDL;float64
metabolomics_Triglycerides.in.Very.Large.HDL;float64
metabolomics_Triglycerides.in.Large.HDL;float64
metabolomics_Triglycerides.in.Medium.HDL;float64
metabolomics_Triglycerides.in.Small.HDL;float64
metabolomics_Total.Fatty.Acids;float64
metabolomics_Degree.of.Unsaturation;float64
metabolomics_Omega.3.Fatty.Acids;float64
metabolomics_Omega.6.Fatty.Acids;float64
metabolomics_Polyunsaturated.Fatty.Acids;float64
metabolomics_Monounsaturated.Fatty.Acids;float64
metabolomics_Saturated.Fatty.Acids;float64
metabolomics_Linoleic.Acid;float64
metabolomics_Docosahexaenoic.Acid;float64
metabolomics_Glucose;float64
metabolomics_Lactate;float64
metabolomics_Pyruvate;float64
metabolomics_Citrate;float64
metabolomics_X3.Hydroxybutyrate;float64
metabolomics_Acetate;float64
metabolomics_Acetoacetate;float64
metabolomics_Acetone;float64
metabolomics_Creatinine;float64
metabolomics_Albumin;float64
metabolomics_Glycoprotein.Acetyls;float64
prs_Standard.PRS.for.alzheimer.s.disease..AD.;float64
prs_Standard.PRS.for.cardiovascular.disease..CVD.;float64
prs_Standard.PRS.for.type.1.diabetes..T1D.;float64
prs_Standard.PRS.for.type.2.diabetes..T2D.;float64
prs_Standard.PRS.for.atrial.fibrillation..AF.;float64
prs_Standard.PRS.for.coronary.artery.disease..CAD.;float64
prs_Standard.PRS.for.venous.thromboembolic.disease..VTE.;float64
prs_Standard.PRS.for.ischaemic.stroke..ISS.;float64
prs_Standard.PRS.for.asthma..AST.;float64
prs_Standard.PRS.for.melanoma..MEL.;float64
prs_Standard.PRS.for.bowel.cancer..CRC.;float64
prs_Standard.PRS.for.prostate.cancer..PC.;float64
prs_Standard.PRS.for.breast.cancer..BC.;float64
prs_Standard.PRS.for.parkinson.s.disease..PD.;float64
prs_Standard.PRS.for.osteoporosis..OP.;float64
prs_Standard.PRS.for.primary.open.angle.glaucoma..POAG.;float64
prs_Standard.PRS.for.hypertension..HT.;float64
pmh_Merged.ICD_R69;bool
pmh_Merged.ICD_B34;bool
pmh_Merged.ICD_D50;bool
pmh_Merged.ICD_I26;bool
pmh_Merged.ICD_J32;bool
pmh_Merged.ICD_J34;bool
pmh_Merged.ICD_N95;bool
pmh_Merged.ICD_R06;bool
pmh_Merged.ICD_R07;bool
pmh_Merged.ICD_I83;bool
pmh_Merged.ICD_C50;bool
pmh_Merged.ICD_C77;bool
pmh_Merged.ICD_Z42;bool
pmh_Merged.ICD_Z85;bool
pmh_Merged.ICD_E78;bool
pmh_Merged.ICD_I10;bool
pmh_Merged.ICD_I20;bool
pmh_Merged.ICD_I25;bool
pmh_Merged.ICD_I67;bool
pmh_Merged.ICD_I73;bool
pmh_Merged.ICD_J38;bool
pmh_Merged.ICD_R42;bool
pmh_Merged.ICD_S42;bool
pmh_Merged.ICD_W18;bool
pmh_Merged.ICD_Z82;bool
pmh_Merged.ICD_Z86;bool
pmh_Merged.ICD_Z92;bool
pmh_Merged.ICD_N30;bool
pmh_Merged.ICD_N60;bool
pmh_Merged.ICD_F17;bool
pmh_Merged.ICD_K13;bool
pmh_Merged.ICD_M10;bool
pmh_Merged.ICD_M75;bool
pmh_Merged.ICD_K02;bool
pmh_Merged.ICD_L05;bool
pmh_Merged.ICD_E10;bool
pmh_Merged.ICD_I84;bool
pmh_Merged.ICD_K08;bool
pmh_Merged.ICD_K30;bool
pmh_Merged.ICD_M54;bool
pmh_Merged.ICD_R11;bool
pmh_Merged.ICD_Z72;bool
pmh_Merged.ICD_E66;bool
pmh_Merged.ICD_Z88;bool
pmh_Merged.ICD_D05;bool
pmh_Merged.ICD_M16;bool
pmh_Merged.ICD_M24;bool
pmh_Merged.ICD_N62;bool
pmh_Merged.ICD_N63;bool
pmh_Merged.ICD_R10;bool
pmh_Merged.ICD_Z51;bool
pmh_Merged.ICD_Z53;bool
pmh_Merged.ICD_L98;bool
pmh_Merged.ICD_K21;bool
pmh_Merged.ICD_M19;bool
pmh_Merged.ICD_S61;bool
pmh_Merged.ICD_S64;bool
pmh_Merged.ICD_M20;bool
pmh_Merged.ICD_O32;bool
pmh_Merged.ICD_O34;bool
pmh_Merged.ICD_O68;bool
pmh_Merged.ICD_Z34;bool
pmh_Merged.ICD_Z37;bool
pmh_Merged.ICD_E03;bool
pmh_Merged.ICD_K59;bool
pmh_Merged.ICD_L72;bool
pmh_Merged.ICD_R31;bool
pmh_Merged.ICD_Z91;bool
pmh_Merged.ICD_H25;bool
pmh_Merged.ICD_R19;bool
pmh_Merged.ICD_B95;bool
pmh_Merged.ICD_J45;bool
pmh_Merged.ICD_K22;bool
pmh_Merged.ICD_K43;bool
pmh_Merged.ICD_K44;bool
pmh_Merged.ICD_K56;bool
pmh_Merged.ICD_K58;bool
pmh_Merged.ICD_K66;bool
pmh_Merged.ICD_K91;bool
pmh_Merged.ICD_K92;bool
pmh_Merged.ICD_L03;bool
pmh_Merged.ICD_M81;bool
pmh_Merged.ICD_N73;bool
pmh_Merged.ICD_N80;bool
pmh_Merged.ICD_N83;bool
pmh_Merged.ICD_N92;bool
pmh_Merged.ICD_N94;bool
pmh_Merged.ICD_R00;bool
pmh_Merged.ICD_R13;bool
pmh_Merged.ICD_R56;bool
pmh_Merged.ICD_R93;bool
pmh_Merged.ICD_S00;bool
pmh_Merged.ICD_T81;bool
pmh_Merged.ICD_W19;bool
pmh_Merged.ICD_Y83;bool
pmh_Merged.ICD_Y84;bool
pmh_Merged.ICD_Z48;bool
pmh_Merged.ICD_Z87;bool
pmh_Merged.ICD_Z98;bool
pmh_Merged.ICD_S52;bool
pmh_Merged.ICD_D64;bool
pmh_Merged.ICD_N84;bool
pmh_Merged.ICD_D17;bool
pmh_Merged.ICD_O70;bool
pmh_Merged.ICD_Z39;bool
pmh_Merged.ICD_D70;bool
pmh_Merged.ICD_M80;bool
pmh_Merged.ICD_M84;bool
pmh_Merged.ICD_C18;bool
pmh_Merged.ICD_K63;bool
pmh_Merged.ICD_N86;bool
pmh_Merged.ICD_R59;bool
pmh_Merged.ICD_D12;bool
pmh_Merged.ICD_M17;bool
pmh_Merged.ICD_M22;bool
pmh_Merged.ICD_H26;bool
pmh_Merged.ICD_W23;bool
pmh_Merged.ICD_Z96;bool
pmh_Merged.ICD_G57;bool
pmh_Merged.ICD_N81;bool
pmh_Merged.ICD_B96;bool
pmh_Merged.ICD_N39;bool
pmh_Merged.ICD_N41;bool
pmh_Merged.ICD_R39;bool
pmh_Merged.ICD_E11;bool
pmh_Merged.ICD_E14;bool
pmh_Merged.ICD_E87;bool
pmh_Merged.ICD_H36;bool
pmh_Merged.ICD_I21;bool
pmh_Merged.ICD_K52;bool
pmh_Merged.ICD_Z13;bool
pmh_Merged.ICD_Z95;bool
pmh_Merged.ICD_Z80;bool
pmh_Merged.ICD_B37;bool
pmh_Merged.ICD_H40;bool
pmh_Merged.ICD_I34;bool
pmh_Merged.ICD_K04;bool
pmh_Merged.ICD_K29;bool
pmh_Merged.ICD_L57;bool
pmh_Merged.ICD_M23;bool
pmh_Merged.ICD_M25;bool
pmh_Merged.ICD_R05;bool
pmh_Merged.ICD_R51;bool
pmh_Merged.ICD_S06;bool
pmh_Merged.ICD_W10;bool
pmh_Merged.ICD_Z50;bool
pmh_Merged.ICD_I48;bool
pmh_Merged.ICD_I95;bool
pmh_Merged.ICD_N13;bool
pmh_Merged.ICD_N40;bool
pmh_Merged.ICD_K40;bool
pmh_Merged.ICD_K62;bool
pmh_Merged.ICD_C44;bool
pmh_Merged.ICD_D69;bool
pmh_Merged.ICD_S02;bool
pmh_Merged.ICD_D22;bool
pmh_Merged.ICD_C85;bool
pmh_Merged.ICD_T82;bool
pmh_Merged.ICD_R50;bool
pmh_Merged.ICD_D27;bool
pmh_Merged.ICD_N85;bool
pmh_Merged.ICD_S82;bool
pmh_Merged.ICD_S09;bool
pmh_Merged.ICD_K35;bool
pmh_Merged.ICD_R12;bool
pmh_Merged.ICD_S72;bool
pmh_Merged.ICD_W11;bool
pmh_Merged.ICD_O47;bool
pmh_Merged.ICD_O63;bool
pmh_Merged.ICD_O72;bool
pmh_Merged.ICD_O99;bool
pmh_Merged.ICD_O36;bool
pmh_Merged.ICD_G45;bool
pmh_Merged.ICD_L60;bool
pmh_Merged.ICD_F10;bool
pmh_Merged.ICD_F32;bool
pmh_Merged.ICD_R35;bool
pmh_Merged.ICD_R63;bool
pmh_Merged.ICD_H33;bool
pmh_Merged.ICD_H43;bool
pmh_Merged.ICD_H52;bool
pmh_Merged.ICD_D25;bool
pmh_Merged.ICD_J22;bool
pmh_Merged.ICD_Z90;bool
pmh_Merged.ICD_T84;bool
pmh_Merged.ICD_Y04;bool
pmh_Merged.ICD_K57;bool
pmh_Merged.ICD_M06;bool
pmh_Merged.ICD_T42;bool
pmh_Merged.ICD_X61;bool
pmh_Merged.ICD_R53;bool
pmh_Merged.ICD_N32;bool
pmh_Merged.ICD_N35;bool
pmh_Merged.ICD_J18;bool
pmh_Merged.ICD_L30;bool
pmh_Merged.ICD_K80;bool
pmh_Merged.ICD_L02;bool
pmh_Merged.ICD_O04;bool
pmh_Merged.ICD_Z03;bool
pmh_Merged.ICD_H61;bool
pmh_Merged.ICD_M18;bool
pmh_Merged.ICD_N64;bool
pmh_Merged.ICD_W01;bool
pmh_Merged.ICD_C67;bool
pmh_Merged.ICD_R29;bool
pmh_Merged.ICD_R79;bool
pmh_Merged.ICD_G81;bool
pmh_Merged.ICD_R47;bool
pmh_Merged.ICD_K01;bool
pmh_Merged.ICD_K81;bool
pmh_Merged.ICD_Z09;bool
pmh_Merged.ICD_N20;bool
pmh_Merged.ICD_H00;bool
pmh_Merged.ICD_H72;bool
pmh_Merged.ICD_N97;bool
pmh_Merged.ICD_O03;bool
pmh_Merged.ICD_Z43;bool
pmh_Merged.ICD_K25;bool
pmh_Merged.ICD_N87;bool
pmh_Merged.ICD_M15;bool
pmh_Merged.ICD_M47;bool
pmh_Merged.ICD_S22;bool
pmh_Merged.ICD_M67;bool
pmh_Merged.ICD_R33;bool
pmh_Merged.ICD_D24;bool
pmh_Merged.ICD_S83;bool
pmh_Merged.ICD_H02;bool
pmh_Merged.ICD_L90;bool
pmh_Merged.ICD_Z30;bool
pmh_Merged.ICD_A41;bool
pmh_Merged.ICD_Z01;bool
pmh_Merged.ICD_Z71;bool
pmh_Merged.ICD_H04;bool
pmh_Merged.ICD_K82;bool
pmh_Merged.ICD_M89;bool
pmh_Merged.ICD_D13;bool
pmh_Merged.ICD_R49;bool
pmh_Merged.ICD_C61;bool
pmh_Merged.ICD_N48;bool
pmh_Merged.ICD_F33;bool
pmh_Merged.ICD_V18;bool
pmh_Merged.ICD_G40;bool
pmh_Merged.ICD_I63;bool
pmh_Merged.ICD_I70;bool
pmh_Merged.ICD_N28;bool
pmh_Merged.ICD_S32;bool
pmh_Merged.ICD_X50;bool
pmh_Merged.ICD_X59;bool
pmh_Merged.ICD_M13;bool
pmh_Merged.ICD_M79;bool
pmh_Merged.ICD_M48;bool
pmh_Merged.ICD_M51;bool
pmh_Merged.ICD_S62;bool
pmh_Merged.ICD_K31;bool
pmh_Merged.ICD_N50;bool
pmh_Merged.ICD_K60;bool
pmh_Merged.ICD_C43;bool
pmh_Merged.ICD_G43;bool
pmh_Merged.ICD_H50;bool
pmh_Merged.ICD_H53;bool
pmh_Merged.ICD_K90;bool
pmh_Merged.ICD_G56;bool
pmh_Merged.ICD_K70;bool
pmh_Merged.ICD_I22;bool
pmh_Merged.ICD_I50;bool
pmh_Merged.ICD_I80;bool
pmh_Merged.ICD_Y43;bool
pmh_Merged.ICD_R14;bool
pmh_Merged.ICD_N90;bool
pmh_Merged.ICD_R55;bool
pmh_Merged.ICD_R04;bool
pmh_Merged.ICD_D06;bool
pmh_Merged.ICD_O42;bool
pmh_Merged.ICD_O75;bool
pmh_Merged.ICD_D23;bool
pmh_Merged.ICD_L91;bool
pmh_Merged.ICD_N89;bool
pmh_Merged.ICD_O20;bool
pmh_Merged.ICD_N70;bool
pmh_Merged.ICD_R94;bool
pmh_Merged.ICD_R30;bool
pmh_Merged.ICD_N93;bool
pmh_Merged.ICD_R09;bool
pmh_Merged.ICD_Z12;bool
pmh_Merged.ICD_N23;bool
pmh_Merged.ICD_Z46;bool
pmh_Merged.ICD_S01;bool
pmh_Merged.ICD_A04;bool
pmh_Merged.ICD_R21;bool
pmh_Merged.ICD_Z45;bool
pmh_Merged.ICD_M50;bool
pmh_Merged.ICD_G93;bool
pmh_Merged.ICD_K50;bool
pmh_Merged.ICD_K51;bool
pmh_Merged.ICD_R87;bool
pmh_Merged.ICD_Y42;bool
pmh_Merged.ICD_Z08;bool
pmh_Merged.ICD_T83;bool
pmh_Merged.ICD_O13;bool
pmh_Merged.ICD_O26;bool
pmh_Merged.ICD_Z36;bool
pmh_Merged.ICD_Z83;bool
pmh_Merged.ICD_K20;bool
pmh_Merged.ICD_N18;bool
pmh_Merged.ICD_Z94;bool
pmh_Merged.ICD_J90;bool
pmh_Merged.ICD_K83;bool
pmh_Merged.ICD_I12;bool
pmh_Merged.ICD_N17;bool
pmh_Merged.ICD_G35;bool
pmh_Merged.ICD_G55;bool
pmh_Merged.ICD_R20;bool
pmh_Merged.ICD_Z60;bool
pmh_Merged.ICD_M21;bool
pmh_Merged.ICD_T88;bool
pmh_Merged.ICD_C20;bool
pmh_Merged.ICD_R03;bool
pmh_Merged.ICD_O46;bool
pmh_Merged.ICD_O48;bool
pmh_Merged.ICD_O62;bool
pmh_Merged.ICD_D48;bool
pmh_Merged.ICD_Z97;bool
pmh_Merged.ICD_V43;bool
pmh_Merged.ICD_N12;bool
pmh_Merged.ICD_S92;bool
pmh_Merged.ICD_N88;bool
pmh_Merged.ICD_Z47;bool
pmh_Merged.ICD_R22;bool
pmh_Merged.ICD_J44;bool
pmh_Merged.ICD_F31;bool
pmh_Merged.ICD_J43;bool
pmh_Merged.ICD_Z41;bool
pmh_Merged.ICD_G51;bool
pmh_Merged.ICD_K42;bool
pmh_Merged.ICD_R15;bool
pmh_Merged.ICD_D68;bool
pmh_Merged.ICD_E83;bool
pmh_Merged.ICD_I31;bool
pmh_Merged.ICD_K76;bool
pmh_Merged.ICD_K85;bool
pmh_Merged.ICD_N19;bool
pmh_Merged.ICD_M35;bool
pmh_Merged.ICD_N45;bool
pmh_Merged.ICD_Z04;bool
pmh_Merged.ICD_H35;bool
pmh_Merged.ICD_J33;bool
pmh_Merged.ICD_I44;bool
pmh_Merged.ICD_I45;bool
pmh_Merged.ICD_R32;bool
pmh_Merged.ICD_K14;bool
pmh_Merged.ICD_K86;bool
pmh_Merged.ICD_G47;bool
pmh_Merged.ICD_M72;bool
pmh_Merged.ICD_M77;bool
pmh_Merged.ICD_L40;bool
pmh_Merged.ICD_L82;bool
pmh_Merged.ICD_E05;bool
pmh_Merged.ICD_G99;bool
pmh_Merged.ICD_J98;bool
pmh_Merged.ICD_K61;bool
pmh_Merged.ICD_O02;bool
pmh_Merged.ICD_O60;bool
pmh_Merged.ICD_S66;bool
pmh_Merged.ICD_J35;bool
pmh_Merged.ICD_C78;bool
pmh_Merged.ICD_H91;bool
pmh_Merged.ICD_Z99;bool
pmh_Merged.ICD_M65;bool
pmh_Merged.ICD_T85;bool
pmh_Merged.ICD_K26;bool
pmh_Merged.ICD_E89;bool
pmh_Merged.ICD_T78;bool
pmh_Merged.ICD_N99;bool
pmh_Merged.ICD_N72;bool
pmh_Merged.ICD_M43;bool
pmh_Merged.ICD_N31;bool
pmh_Merged.ICD_H65;bool
pmh_Merged.ICD_K05;bool
pmh_Merged.ICD_N47;bool
pmh_Merged.ICD_R52;bool
pmh_Merged.ICD_T43;bool
pmh_Merged.ICD_O80;bool
pmh_Merged.ICD_I47;bool
pmh_Merged.ICD_T39;bool
pmh_Merged.ICD_X60;bool
pmh_Merged.ICD_D37;bool
pmh_Merged.ICD_I49;bool
pmh_Merged.ICD_R41;bool
pmh_Merged.ICD_T51;bool
pmh_Merged.ICD_O69;bool
pmh_Merged.ICD_H66;bool
pmh_Merged.ICD_W22;bool
pmh_Merged.ICD_S86;bool
pmh_Merged.ICD_Z35;bool
pmh_Merged.ICD_J31;bool
pmh_Merged.ICD_J47;bool
pmh_Merged.ICD_F41;bool
pmh_Merged.ICD_X65;bool
pmh_Merged.ICD_L29;bool
pmh_Merged.ICD_J06;bool
pmh_Merged.ICD_N42;bool
pmh_Merged.ICD_L08;bool
pmh_Merged.ICD_E86;bool
pmh_Merged.ICD_I42;bool
pmh_Merged.ICD_N75;bool
pmh_Merged.ICD_I51;bool
pmh_Merged.ICD_Z11;bool
pmh_Merged.ICD_C54;bool
pmh_Merged.ICD_N76;bool
pmh_Merged.ICD_D18;bool
pmh_Merged.ICD_D36;bool
pmh_Merged.ICD_O64;bool
pmh_Merged.ICD_T93;bool
pmh_Merged.ICD_R91;bool
pmh_Merged.ICD_I69;bool
pmh_Merged.ICD_I35;bool
pmh_Merged.ICD_J30;bool
pmh_Merged.ICD_O82;bool
pmh_Merged.ICD_B07;bool
pmh_Merged.ICD_O16;bool
pmh_Merged.ICD_K11;bool
pmh_Merged.ICD_G44;bool
pmh_Merged.ICD_E04;bool
pmh_Merged.ICD_N43;bool
pmh_Merged.ICD_I77;bool
pmh_Merged.ICD_I60;bool
pmh_Merged.ICD_I64;bool
pmh_Merged.ICD_H11;bool
pmh_Merged.ICD_Z93;bool
pmh_Merged.ICD_R26;bool
pmh_Merged.ICD_Y86;bool
pmh_Merged.ICD_M70;bool
pmh_Merged.ICD_F20;bool
pmh_Merged.ICD_Z33;bool
ts_Length.of.time.at.current.address...Instance.0;float64
ts_Number.of.days.week.of.moderate.physical.activity.10..minutes...Instance.0;float64
ts_Number.of.days.week.of.vigorous.physical.activity.10..minutes...Instance.0;float64
ts_Time.spent.driving...Instance.0;float64
ts_Time.spent.using.computer...Instance.0;float64
ts_Time.spent.watching.television..TV....Instance.0;float64
ts_Sleep.duration...Instance.0;float64
ts_Cooked.vegetable.intake...Instance.0;float64
ts_Salad...raw.vegetable.intake...Instance.0;float64
ts_Fresh.fruit.intake...Instance.0;float64
ts_Dried.fruit.intake...Instance.0;float64
ts_Bread.intake...Instance.0;float64
ts_Cereal.intake...Instance.0;float64
ts_Tea.intake...Instance.0;float64
ts_Coffee.intake...Instance.0;float64
ts_Water.intake...Instance.0;float64
ts_Time.spend.outdoors.in.summer...Instance.0;float64
ts_Time.spent.outdoors.in.winter...Instance.0;float64
ts_Frequency.of.solarium.sunlamp.use...Instance.0;float64
ts_Type.of.accommodation.lived.in...Instance.0_2;bool
ts_Type.of.accommodation.lived.in...Instance.0_1;bool
ts_Type.of.accommodation.lived.in...Instance.0_4;bool
ts_Type.of.accommodation.lived.in...Instance.0_neg7;bool
ts_Type.of.accommodation.lived.in...Instance.0_3;bool
ts_Type.of.accommodation.lived.in...Instance.0_5;bool
ts_Own.or.rent.accommodation.lived.in...Instance.0_2;bool
ts_Own.or.rent.accommodation.lived.in...Instance.0_1;bool
ts_Own.or.rent.accommodation.lived.in...Instance.0_3;bool
ts_Own.or.rent.accommodation.lived.in...Instance.0_4;bool
ts_Own.or.rent.accommodation.lived.in...Instance.0_5;bool
ts_Own.or.rent.accommodation.lived.in...Instance.0_6;bool
ts_Gas.or.solid.fuel.cooking.heating...Instance.0_1;bool
ts_Gas.or.solid.fuel.cooking.heating...Instance.0_2;bool
ts_Gas.or.solid.fuel.cooking.heating...Instance.0_neg7;bool
ts_Gas.or.solid.fuel.cooking.heating...Instance.0_3;bool
ts_Number.in.household...Instance.0_Lower.third;bool
ts_Number.in.household...Instance.0_Upper.third;bool
ts_Number.in.household...Instance.0_Middle.third;bool
ts_How.are.people.in.household.related.to.participant...Instance.0_1;bool
ts_How.are.people.in.household.related.to.participant...Instance.0_2;bool
ts_How.are.people.in.household.related.to.participant...Instance.0_6;bool
ts_How.are.people.in.household.related.to.participant...Instance.0_8;bool
ts_How.are.people.in.household.related.to.participant...Instance.0_4;bool
ts_How.are.people.in.household.related.to.participant...Instance.0_7;bool
ts_How.are.people.in.household.related.to.participant...Instance.0_3;bool
ts_How.are.people.in.household.related.to.participant...Instance.0_5;bool
ts_Number.of.vehicles.in.household...Instance.0_1;bool
ts_Number.of.vehicles.in.household...Instance.0_2;bool
ts_Number.of.vehicles.in.household...Instance.0_3;bool
ts_Number.of.vehicles.in.household...Instance.0_5;bool
ts_Number.of.vehicles.in.household...Instance.0_4;bool
ts_Average.total.household.income.before.tax...Instance.0_1;bool
ts_Average.total.household.income.before.tax...Instance.0_4;bool
ts_Average.total.household.income.before.tax...Instance.0_3;bool
ts_Average.total.household.income.before.tax...Instance.0_2;bool
ts_Average.total.household.income.before.tax...Instance.0_5;bool
ts_Current.employment.status...Instance.0_5;bool
ts_Current.employment.status...Instance.0_1;bool
ts_Current.employment.status...Instance.0_3;bool
ts_Current.employment.status...Instance.0_6;bool
ts_Current.employment.status...Instance.0_2;bool
ts_Current.employment.status...Instance.0_4;bool
ts_Current.employment.status...Instance.0_7;bool
ts_Current.employment.status...Instance.0_neg7;bool
ts_Frequency.of.travelling.from.home.to.job.workplace...Instance.0_Lower.third;bool
ts_Frequency.of.travelling.from.home.to.job.workplace...Instance.0_Upper.third;bool
ts_Frequency.of.travelling.from.home.to.job.workplace...Instance.0_Middle.third;bool
ts_Distance.between.home.and.job.workplace...Instance.0_Lower.third;bool
ts_Distance.between.home.and.job.workplace...Instance.0_Upper.third;bool
ts_Distance.between.home.and.job.workplace...Instance.0_Middle.third;bool
ts_Time.employed.in.main.current.job...Instance.0_Lower.third;bool
ts_Time.employed.in.main.current.job...Instance.0_Upper.third;bool
ts_Time.employed.in.main.current.job...Instance.0_Middle.third;bool
ts_Length.of.working.week.for.main.job...Instance.0_Lower.third;bool
ts_Length.of.working.week.for.main.job...Instance.0_Upper.third;bool
ts_Length.of.working.week.for.main.job...Instance.0_Middle.third;bool
ts_Transport.type.for.commuting.to.job.workplace...Instance.0_1;bool
ts_Transport.type.for.commuting.to.job.workplace...Instance.0_4;bool
ts_Transport.type.for.commuting.to.job.workplace...Instance.0_3;bool
ts_Transport.type.for.commuting.to.job.workplace...Instance.0_2;bool
ts_Transport.type.for.commuting.to.job.workplace...Instance.0_neg7;bool
ts_Job.involves.mainly.walking.or.standing...Instance.0_1;bool
ts_Job.involves.mainly.walking.or.standing...Instance.0_2;bool
ts_Job.involves.mainly.walking.or.standing...Instance.0_4;bool
ts_Job.involves.heavy.manual.or.physical.work...Instance.0_1;bool
ts_Job.involves.heavy.manual.or.physical.work...Instance.0_4;bool
ts_Job.involves.heavy.manual.or.physical.work...Instance.0_2;bool
ts_Job.involves.heavy.manual.or.physical.work...Instance.0_3;bool
ts_Job.involves.shift.work...Instance.0_1;bool
ts_Job.involves.shift.work...Instance.0_4;bool
ts_Job.involves.shift.work...Instance.0_2;bool
ts_Job.involves.shift.work...Instance.0_3;bool
ts_Job.involves.night.shift.work...Instance.0_2;bool
ts_Job.involves.night.shift.work...Instance.0_1;bool
ts_Job.involves.night.shift.work...Instance.0_4;bool
ts_Job.involves.night.shift.work...Instance.0_3;bool
ts_Qualifications...Instance.0_1;bool
ts_Qualifications...Instance.0_3;bool
ts_Qualifications...Instance.0_4;bool
ts_Qualifications...Instance.0_5;bool
ts_Qualifications...Instance.0_2;bool
ts_Qualifications...Instance.0_6;bool
ts_Qualifications...Instance.0_neg7;bool
ts_Age.completed.full.time.education...Instance.0_neg2;bool
ts_Age.completed.full.time.education...Instance.0_Lower.third;bool
ts_Age.completed.full.time.education...Instance.0_Upper.third;bool
ts_Age.completed.full.time.education...Instance.0_Middle.third;bool
ts_Country.of.birth..UK.elsewhere....Instance.0_2;bool
ts_Year.immigrated.to.UK..United.Kingdom....Instance.0_Upper.third;bool
ts_Year.immigrated.to.UK..United.Kingdom....Instance.0_Middle.third;bool
ts_Ethnic.background...Instance.0_1001;bool
ts_Ethnic.background...Instance.0_4002;bool
ts_Ethnic.background...Instance.0_6;bool
ts_Ethnic.background...Instance.0_3001;bool
ts_Ethnic.background...Instance.0_1002;bool
ts_Ethnic.background...Instance.0_5;bool
ts_Ethnic.background...Instance.0_4001;bool
ts_Ethnic.background...Instance.0_1003;bool
ts_Ethnic.background...Instance.0_2001;bool
ts_Ethnic.background...Instance.0_2003;bool
ts_Ethnic.background...Instance.0_3002;bool
ts_Ethnic.background...Instance.0_3004;bool
ts_Ethnic.background...Instance.0_2004;bool
ts_Ethnic.background...Instance.0_3003;bool
ts_Ethnic.background...Instance.0_4003;bool
ts_Ethnic.background...Instance.0_1;bool
ts_Ethnic.background...Instance.0_2002;bool
ts_Ethnic.background...Instance.0_2;bool
ts_Ethnic.background...Instance.0_3;bool
ts_Ethnic.background...Instance.0_4;bool
ts_Attendance.disability.mobility.allowance...Instance.0_neg7;bool
ts_Attendance.disability.mobility.allowance...Instance.0_2;bool
ts_Attendance.disability.mobility.allowance...Instance.0_3;bool
ts_Attendance.disability.mobility.allowance...Instance.0_1;bool
ts_Drive.faster.than.motorway.speed.limit...Instance.0_1;bool
ts_Drive.faster.than.motorway.speed.limit...Instance.0_4;bool
ts_Drive.faster.than.motorway.speed.limit...Instance.0_2;bool
ts_Drive.faster.than.motorway.speed.limit...Instance.0_3;bool
ts_Drive.faster.than.motorway.speed.limit...Instance.0_5;bool
ts_Types.of.physical.activity.in.last.4.weeks...Instance.0_2;bool
ts_Types.of.physical.activity.in.last.4.weeks...Instance.0_3;bool
ts_Types.of.physical.activity.in.last.4.weeks...Instance.0_4;bool
ts_Types.of.physical.activity.in.last.4.weeks...Instance.0_5;bool
ts_Types.of.physical.activity.in.last.4.weeks...Instance.0_1;bool
ts_Types.of.physical.activity.in.last.4.weeks...Instance.0_neg7;bool
ts_Duration.of.heavy.DIY...Instance.0_3;bool
ts_Duration.of.heavy.DIY...Instance.0_6;bool
ts_Duration.of.heavy.DIY...Instance.0_4;bool
ts_Duration.of.heavy.DIY...Instance.0_7;bool
ts_Duration.of.heavy.DIY...Instance.0_2;bool
ts_Duration.of.heavy.DIY...Instance.0_5;bool
ts_Duration.of.heavy.DIY...Instance.0_1;bool
ts_Duration.of.light.DIY...Instance.0_3;bool
ts_Duration.of.light.DIY...Instance.0_4;bool
ts_Duration.of.light.DIY...Instance.0_5;bool
ts_Duration.of.light.DIY...Instance.0_1;bool
ts_Duration.of.light.DIY...Instance.0_6;bool
ts_Duration.of.light.DIY...Instance.0_7;bool
ts_Duration.of.moderate.activity...Instance.0_Upper.third;bool
ts_Duration.of.moderate.activity...Instance.0_Middle.third;bool
ts_Duration.of.other.exercises...Instance.0_4;bool
ts_Duration.of.other.exercises...Instance.0_2;bool
ts_Duration.of.other.exercises...Instance.0_3;bool
ts_Duration.of.other.exercises...Instance.0_7;bool
ts_Duration.of.other.exercises...Instance.0_6;bool
ts_Duration.of.other.exercises...Instance.0_5;bool
ts_Duration.of.other.exercises...Instance.0_1;bool
ts_Duration.of.strenuous.sports...Instance.0_5;bool
ts_Duration.of.strenuous.sports...Instance.0_3;bool
ts_Duration.of.strenuous.sports...Instance.0_4;bool
ts_Duration.of.strenuous.sports...Instance.0_2;bool
ts_Duration.of.strenuous.sports...Instance.0_7;bool
ts_Duration.of.strenuous.sports...Instance.0_6;bool
ts_Duration.of.strenuous.sports...Instance.0_1;bool
ts_Duration.of.vigorous.activity...Instance.0_Lower.third;bool
ts_Duration.of.vigorous.activity...Instance.0_Upper.third;bool
ts_Duration.of.vigorous.activity...Instance.0_Middle.third;bool
ts_Number.of.days.week.walked.10..minutes...Instance.0_neg2;bool
ts_Number.of.days.week.walked.10..minutes...Instance.0_Lower.third;bool
ts_Number.of.days.week.walked.10..minutes...Instance.0_Middle.third;bool
ts_Duration.of.walks...Instance.0_Lower.third;bool
ts_Duration.of.walks...Instance.0_Upper.third;bool
ts_Duration.of.walks...Instance.0_Middle.third;bool
ts_Duration.walking.for.pleasure...Instance.0_2;bool
ts_Duration.walking.for.pleasure...Instance.0_5;bool
ts_Duration.walking.for.pleasure...Instance.0_6;bool
ts_Duration.walking.for.pleasure...Instance.0_1;bool
ts_Duration.walking.for.pleasure...Instance.0_3;bool
ts_Duration.walking.for.pleasure...Instance.0_4;bool
ts_Duration.walking.for.pleasure...Instance.0_7;bool
ts_Frequency.of.heavy.DIY.in.last.4.weeks...Instance.0_1;bool
ts_Frequency.of.heavy.DIY.in.last.4.weeks...Instance.0_3;bool
ts_Frequency.of.heavy.DIY.in.last.4.weeks...Instance.0_4;bool
ts_Frequency.of.heavy.DIY.in.last.4.weeks...Instance.0_2;bool
ts_Frequency.of.heavy.DIY.in.last.4.weeks...Instance.0_6;bool
ts_Frequency.of.heavy.DIY.in.last.4.weeks...Instance.0_5;bool
ts_Frequency.of.light.DIY.in.last.4.weeks...Instance.0_3;bool
ts_Frequency.of.light.DIY.in.last.4.weeks...Instance.0_4;bool
ts_Frequency.of.light.DIY.in.last.4.weeks...Instance.0_2;bool
ts_Frequency.of.light.DIY.in.last.4.weeks...Instance.0_1;bool
ts_Frequency.of.light.DIY.in.last.4.weeks...Instance.0_6;bool
ts_Frequency.of.light.DIY.in.last.4.weeks...Instance.0_5;bool
ts_Frequency.of.other.exercises.in.last.4.weeks...Instance.0_5;bool
ts_Frequency.of.other.exercises.in.last.4.weeks...Instance.0_4;bool
ts_Frequency.of.other.exercises.in.last.4.weeks...Instance.0_3;bool
ts_Frequency.of.other.exercises.in.last.4.weeks...Instance.0_2;bool
ts_Frequency.of.other.exercises.in.last.4.weeks...Instance.0_1;bool
ts_Frequency.of.other.exercises.in.last.4.weeks...Instance.0_6;bool
ts_Frequency.of.stair.climbing.in.last.4.weeks...Instance.0_1;bool
ts_Frequency.of.stair.climbing.in.last.4.weeks...Instance.0_3;bool
ts_Frequency.of.stair.climbing.in.last.4.weeks...Instance.0_2;bool
ts_Frequency.of.stair.climbing.in.last.4.weeks...Instance.0_4;bool
ts_Frequency.of.stair.climbing.in.last.4.weeks...Instance.0_5;bool
ts_Frequency.of.stair.climbing.in.last.4.weeks...Instance.0_0;bool
ts_Frequency.of.strenuous.sports.in.last.4.weeks...Instance.0_5;bool
ts_Frequency.of.strenuous.sports.in.last.4.weeks...Instance.0_3;bool
ts_Frequency.of.strenuous.sports.in.last.4.weeks...Instance.0_4;bool
ts_Frequency.of.strenuous.sports.in.last.4.weeks...Instance.0_2;bool
ts_Frequency.of.strenuous.sports.in.last.4.weeks...Instance.0_1;bool
ts_Frequency.of.strenuous.sports.in.last.4.weeks...Instance.0_6;bool
ts_Frequency.of.walking.for.pleasure.in.last.4.weeks...Instance.0_2;bool
ts_Frequency.of.walking.for.pleasure.in.last.4.weeks...Instance.0_6;bool
ts_Frequency.of.walking.for.pleasure.in.last.4.weeks...Instance.0_4;bool
ts_Frequency.of.walking.for.pleasure.in.last.4.weeks...Instance.0_5;bool
ts_Frequency.of.walking.for.pleasure.in.last.4.weeks...Instance.0_3;bool
ts_Frequency.of.walking.for.pleasure.in.last.4.weeks...Instance.0_1;bool
ts_Types.of.transport.used..excluding.work....Instance.0_2;bool
ts_Types.of.transport.used..excluding.work....Instance.0_3;bool
ts_Types.of.transport.used..excluding.work....Instance.0_1;bool
ts_Types.of.transport.used..excluding.work....Instance.0_4;bool
ts_Types.of.transport.used..excluding.work....Instance.0_neg7;bool
ts_Usual.walking.pace...Instance.0_2;bool
ts_Usual.walking.pace...Instance.0_3;bool
ts_Usual.walking.pace...Instance.0_1;bool
ts_Usual.walking.pace...Instance.0_neg7;bool
ts_Weekly.usage.of.mobile.phone.in.last.3.months...Instance.0_2;bool
ts_Weekly.usage.of.mobile.phone.in.last.3.months...Instance.0_3;bool
ts_Weekly.usage.of.mobile.phone.in.last.3.months...Instance.0_1;bool
ts_Weekly.usage.of.mobile.phone.in.last.3.months...Instance.0_4;bool
ts_Weekly.usage.of.mobile.phone.in.last.3.months...Instance.0_0;bool
ts_Weekly.usage.of.mobile.phone.in.last.3.months...Instance.0_5;bool
ts_Hands.free.device.speakerphone.use.with.mobile.phone.in.last.3.month...Instance.0_0;bool
ts_Hands.free.device.speakerphone.use.with.mobile.phone.in.last.3.month...Instance.0_3;bool
ts_Hands.free.device.speakerphone.use.with.mobile.phone.in.last.3.month...Instance.0_1;bool
ts_Hands.free.device.speakerphone.use.with.mobile.phone.in.last.3.month...Instance.0_4;bool
ts_Hands.free.device.speakerphone.use.with.mobile.phone.in.last.3.month...Instance.0_2;bool
ts_Difference.in.mobile.phone.use.compared.to.two.years.previously...Instance.0_1;bool
ts_Difference.in.mobile.phone.use.compared.to.two.years.previously...Instance.0_0;bool
ts_Difference.in.mobile.phone.use.compared.to.two.years.previously...Instance.0_2;bool
ts_Difference.in.mobile.phone.use.compared.to.two.years.previously...Instance.0_3;bool
ts_Usual.side.of.head.for.mobile.phone.use...Instance.0_2;bool
ts_Usual.side.of.head.for.mobile.phone.use...Instance.0_1;bool
ts_Usual.side.of.head.for.mobile.phone.use...Instance.0_3;bool
ts_Length.of.mobile.phone.use...Instance.0_3;bool
ts_Length.of.mobile.phone.use...Instance.0_0;bool
ts_Length.of.mobile.phone.use...Instance.0_4;bool
ts_Length.of.mobile.phone.use...Instance.0_2;bool
ts_Length.of.mobile.phone.use...Instance.0_1;bool
ts_Plays.computer.games...Instance.0_1;bool
ts_Plays.computer.games...Instance.0_0;bool
ts_Getting.up.in.morning...Instance.0_3;bool
ts_Getting.up.in.morning...Instance.0_4;bool
ts_Getting.up.in.morning...Instance.0_2;bool
ts_Getting.up.in.morning...Instance.0_1;bool
ts_Morning.evening.person..chronotype....Instance.0_3;bool
ts_Morning.evening.person..chronotype....Instance.0_2;bool
ts_Morning.evening.person..chronotype....Instance.0_1;bool
ts_Morning.evening.person..chronotype....Instance.0_4;bool
ts_Nap.during.day...Instance.0_2;bool
ts_Nap.during.day...Instance.0_1;bool
ts_Nap.during.day...Instance.0_3;bool
ts_Sleeplessness...insomnia...Instance.0_1;bool
ts_Sleeplessness...insomnia...Instance.0_3;bool
ts_Sleeplessness...insomnia...Instance.0_2;bool
ts_Snoring...Instance.0_2;bool
ts_Snoring...Instance.0_1;bool
ts_Daytime.dozing...sleeping...Instance.0_1;bool
ts_Daytime.dozing...sleeping...Instance.0_2;bool
ts_Daytime.dozing...sleeping...Instance.0_3;bool
ts_Smoking.status...Instance.0_1;bool
ts_Smoking.status...Instance.0_0;bool
ts_Current.tobacco.smoking...Instance.0_0;bool
ts_Current.tobacco.smoking...Instance.0_1;bool
ts_Current.tobacco.smoking...Instance.0_2;bool
ts_Past.tobacco.smoking...Instance.0_4;bool
ts_Past.tobacco.smoking...Instance.0_2;bool
ts_Past.tobacco.smoking...Instance.0_3;bool
ts_Light.smokers..at.least.100.smokes.in.lifetime...Instance.0_1;bool
ts_Light.smokers..at.least.100.smokes.in.lifetime...Instance.0_0;bool
ts_Age.started.smoking.in.current.smokers...Instance.0_Lower.third;bool
ts_Age.started.smoking.in.current.smokers...Instance.0_Upper.third;bool
ts_Age.started.smoking.in.current.smokers...Instance.0_Middle.third;bool
ts_Type.of.tobacco.currently.smoked...Instance.0_1;bool
ts_Type.of.tobacco.currently.smoked...Instance.0_2;bool
ts_Type.of.tobacco.currently.smoked...Instance.0_3;bool
ts_Type.of.tobacco.currently.smoked...Instance.0_neg7;bool
ts_Previously.smoked.cigarettes.on.most.all.days...Instance.0_1;bool
ts_Previously.smoked.cigarettes.on.most.all.days...Instance.0_0;bool
ts_Number.of.cigarettes.currently.smoked.daily..current.cigarette.smokers....Instance.0_Lower.third;bool
ts_Number.of.cigarettes.currently.smoked.daily..current.cigarette.smokers....Instance.0_Upper.third;bool
ts_Number.of.cigarettes.currently.smoked.daily..current.cigarette.smokers....Instance.0_Middle.third;bool
ts_Age.stopped.smoking.cigarettes..current.cigar.pipe.or.previous.cigarette.smoker....Instance.0_Lower.third;bool
ts_Age.stopped.smoking.cigarettes..current.cigar.pipe.or.previous.cigarette.smoker....Instance.0_Upper.third;bool
ts_Age.stopped.smoking.cigarettes..current.cigar.pipe.or.previous.cigarette.smoker....Instance.0_Middle.third;bool
ts_Number.of.cigarettes.previously.smoked.daily..current.cigar.pipe.smokers....Instance.0_Lower.third;bool
ts_Number.of.cigarettes.previously.smoked.daily..current.cigar.pipe.smokers....Instance.0_Upper.third;bool
ts_Number.of.cigarettes.previously.smoked.daily..current.cigar.pipe.smokers....Instance.0_Middle.third;bool
ts_Time.from.waking.to.first.cigarette...Instance.0_5;bool
ts_Time.from.waking.to.first.cigarette...Instance.0_2;bool
ts_Time.from.waking.to.first.cigarette...Instance.0_3;bool
ts_Time.from.waking.to.first.cigarette...Instance.0_1;bool
ts_Time.from.waking.to.first.cigarette...Instance.0_4;bool
ts_Difficulty.not.smoking.for.1.day...Instance.0_3;bool
ts_Difficulty.not.smoking.for.1.day...Instance.0_4;bool
ts_Difficulty.not.smoking.for.1.day...Instance.0_1;bool
ts_Ever.tried.to.stop.smoking...Instance.0_0;bool
ts_Ever.tried.to.stop.smoking...Instance.0_1;bool
ts_Ever.tried.to.stop.smoking...Instance.0_2;bool
ts_Wants.to.stop.smoking...Instance.0_3;bool
ts_Wants.to.stop.smoking...Instance.0_1;bool
ts_Wants.to.stop.smoking...Instance.0_2;bool
ts_Wants.to.stop.smoking...Instance.0_4;bool
ts_Smoking.compared.to.10.years.previous...Instance.0_1;bool
ts_Smoking.compared.to.10.years.previous...Instance.0_2;bool
ts_Smoking.compared.to.10.years.previous...Instance.0_3;bool
ts_Why.reduced.smoking...Instance.0_neg7;bool
ts_Why.reduced.smoking...Instance.0_3;bool
ts_Why.reduced.smoking...Instance.0_4;bool
ts_Why.reduced.smoking...Instance.0_1;bool
ts_Why.reduced.smoking...Instance.0_2;bool
ts_Age.started.smoking.in.former.smokers...Instance.0_Lower.third;bool
ts_Age.started.smoking.in.former.smokers...Instance.0_Upper.third;bool
ts_Age.started.smoking.in.former.smokers...Instance.0_Middle.third;bool
ts_Type.of.tobacco.previously.smoked...Instance.0_1;bool
ts_Type.of.tobacco.previously.smoked...Instance.0_3;bool
ts_Type.of.tobacco.previously.smoked...Instance.0_neg7;bool
ts_Number.of.cigarettes.previously.smoked.daily...Instance.0_Lower.third;bool
ts_Number.of.cigarettes.previously.smoked.daily...Instance.0_Middle.third;bool
ts_Age.stopped.smoking...Instance.0_Lower.third;bool
ts_Age.stopped.smoking...Instance.0_Middle.third;bool
ts_Ever.stopped.smoking.for.6..months...Instance.0_1;bool
ts_Ever.stopped.smoking.for.6..months...Instance.0_0;bool
ts_Why.stopped.smoking...Instance.0_2;bool
ts_Why.stopped.smoking...Instance.0_3;bool
ts_Why.stopped.smoking...Instance.0_4;bool
ts_Why.stopped.smoking...Instance.0_neg7;bool
ts_Why.stopped.smoking...Instance.0_1;bool
ts_Number.of.unsuccessful.stop.smoking.attempts...Instance.0_Lower.third;bool
ts_Number.of.unsuccessful.stop.smoking.attempts...Instance.0_Upper.third;bool
ts_Number.of.unsuccessful.stop.smoking.attempts...Instance.0_Middle.third;bool
ts_Likelihood.of.resuming.smoking...Instance.0_4;bool
ts_Likelihood.of.resuming.smoking...Instance.0_2;bool
ts_Likelihood.of.resuming.smoking...Instance.0_3;bool
ts_Likelihood.of.resuming.smoking...Instance.0_1;bool
ts_Smoking.smokers.in.household...Instance.0_0;bool
ts_Smoking.smokers.in.household...Instance.0_1;bool
ts_Smoking.smokers.in.household...Instance.0_2;bool
ts_Exposure.to.tobacco.smoke.at.home...Instance.0_Upper.third;bool
ts_Exposure.to.tobacco.smoke.at.home...Instance.0_Middle.third;bool
ts_Exposure.to.tobacco.smoke.outside.home...Instance.0_Upper.third;bool
ts_Exposure.to.tobacco.smoke.outside.home...Instance.0_Middle.third;bool
ts_Oily.fish.intake...Instance.0_0;bool
ts_Oily.fish.intake...Instance.0_2;bool
ts_Oily.fish.intake...Instance.0_1;bool
ts_Oily.fish.intake...Instance.0_3;bool
ts_Oily.fish.intake...Instance.0_4;bool
ts_Oily.fish.intake...Instance.0_5;bool
ts_Non.oily.fish.intake...Instance.0_2;bool
ts_Non.oily.fish.intake...Instance.0_1;bool
ts_Non.oily.fish.intake...Instance.0_3;bool
ts_Non.oily.fish.intake...Instance.0_5;bool
ts_Non.oily.fish.intake...Instance.0_4;bool
ts_Processed.meat.intake...Instance.0_1;bool
ts_Processed.meat.intake...Instance.0_3;bool
ts_Processed.meat.intake...Instance.0_4;bool
ts_Processed.meat.intake...Instance.0_5;bool
ts_Poultry.intake...Instance.0_3;bool
ts_Poultry.intake...Instance.0_2;bool
ts_Poultry.intake...Instance.0_5;bool
ts_Poultry.intake...Instance.0_4;bool
ts_Beef.intake...Instance.0_0;bool
ts_Beef.intake...Instance.0_1;bool
ts_Beef.intake...Instance.0_2;bool
ts_Beef.intake...Instance.0_3;bool
ts_Beef.intake...Instance.0_5;bool
ts_Beef.intake...Instance.0_4;bool
ts_Lamb.mutton.intake...Instance.0_0;bool
ts_Lamb.mutton.intake...Instance.0_1;bool
ts_Lamb.mutton.intake...Instance.0_2;bool
ts_Lamb.mutton.intake...Instance.0_3;bool
ts_Lamb.mutton.intake...Instance.0_4;bool
ts_Lamb.mutton.intake...Instance.0_5;bool
ts_Pork.intake...Instance.0_0;bool
ts_Pork.intake...Instance.0_1;bool
ts_Pork.intake...Instance.0_2;bool
ts_Pork.intake...Instance.0_3;bool
ts_Pork.intake...Instance.0_4;bool
ts_Pork.intake...Instance.0_5;bool
ts_Never.eat.eggs..dairy..wheat..sugar...Instance.0_5;bool
ts_Never.eat.eggs..dairy..wheat..sugar...Instance.0_4;bool
ts_Never.eat.eggs..dairy..wheat..sugar...Instance.0_1;bool
ts_Never.eat.eggs..dairy..wheat..sugar...Instance.0_3;bool
ts_Never.eat.eggs..dairy..wheat..sugar...Instance.0_2;bool
ts_Cheese.intake...Instance.0_1;bool
ts_Cheese.intake...Instance.0_4;bool
ts_Cheese.intake...Instance.0_2;bool
ts_Cheese.intake...Instance.0_0;bool
ts_Cheese.intake...Instance.0_5;bool
ts_Milk.type.used...Instance.0_3;bool
ts_Milk.type.used...Instance.0_2;bool
ts_Milk.type.used...Instance.0_1;bool
ts_Milk.type.used...Instance.0_5;bool
ts_Milk.type.used...Instance.0_4;bool
ts_Milk.type.used...Instance.0_6;bool
ts_Spread.type...Instance.0_3;bool
ts_Spread.type...Instance.0_1;bool
ts_Spread.type...Instance.0_0;bool
ts_Spread.type...Instance.0_2;bool
ts_Non.butter.spread.type.details...Instance.0_7;bool
ts_Non.butter.spread.type.details...Instance.0_9;bool
ts_Non.butter.spread.type.details...Instance.0_6;bool
ts_Non.butter.spread.type.details...Instance.0_4;bool
ts_Non.butter.spread.type.details...Instance.0_2;bool
ts_Non.butter.spread.type.details...Instance.0_8;bool
ts_Non.butter.spread.type.details...Instance.0_5;bool
ts_Bread.type...Instance.0_3;bool
ts_Bread.type...Instance.0_4;bool
ts_Bread.type...Instance.0_2;bool
ts_Bread.type...Instance.0_1;bool
ts_Cereal.type...Instance.0_3;bool
ts_Cereal.type...Instance.0_2;bool
ts_Cereal.type...Instance.0_5;bool
ts_Cereal.type...Instance.0_1;bool
ts_Cereal.type...Instance.0_4;bool
ts_Salt.added.to.food...Instance.0_2;bool
ts_Salt.added.to.food...Instance.0_1;bool
ts_Salt.added.to.food...Instance.0_3;bool
ts_Salt.added.to.food...Instance.0_4;bool
ts_Coffee.type...Instance.0_2;bool
ts_Coffee.type...Instance.0_3;bool
ts_Coffee.type...Instance.0_1;bool
ts_Hot.drink.temperature...Instance.0_2;bool
ts_Hot.drink.temperature...Instance.0_1;bool
ts_Hot.drink.temperature...Instance.0_neg2;bool
ts_Major.dietary.changes.in.the.last.5.years...Instance.0_2;bool
ts_Major.dietary.changes.in.the.last.5.years...Instance.0_1;bool
ts_Variation.in.diet...Instance.0_2;bool
ts_Variation.in.diet...Instance.0_3;bool
ts_Alcohol.drinker.status...Instance.0_2;bool
ts_Alcohol.drinker.status...Instance.0_1;bool
ts_Alcohol.intake.frequency....Instance.0_5;bool
ts_Alcohol.intake.frequency....Instance.0_1;bool
ts_Alcohol.intake.frequency....Instance.0_2;bool
ts_Alcohol.intake.frequency....Instance.0_6;bool
ts_Former.alcohol.drinker...Instance.0_0;bool
ts_Average.monthly.red.wine.intake...Instance.0_Upper.third;bool
ts_Average.monthly.champagne.plus.white.wine.intake...Instance.0_Upper.third;bool
ts_Average.monthly.beer.plus.cider.intake...Instance.0_Upper.third;bool
ts_Average.monthly.spirits.intake...Instance.0_Upper.third;bool
ts_Average.monthly.fortified.wine.intake...Instance.0_Upper.third;bool
ts_Average.monthly.fortified.wine.intake...Instance.0_Middle.third;bool
ts_Average.monthly.intake.of.other.alcoholic.drinks...Instance.0_Upper.third;bool
ts_Average.monthly.intake.of.other.alcoholic.drinks...Instance.0_Middle.third;bool
ts_Average.weekly.red.wine.intake...Instance.0_Upper.third;bool
ts_Average.weekly.red.wine.intake...Instance.0_Middle.third;bool
ts_Average.weekly.champagne.plus.white.wine.intake...Instance.0_Upper.third;bool
ts_Average.weekly.champagne.plus.white.wine.intake...Instance.0_Middle.third;bool
ts_Average.weekly.beer.plus.cider.intake...Instance.0_Upper.third;bool
ts_Average.weekly.spirits.intake...Instance.0_Upper.third;bool
ts_Average.weekly.spirits.intake...Instance.0_Middle.third;bool
ts_Average.weekly.fortified.wine.intake...Instance.0_Upper.third;bool
ts_Average.weekly.fortified.wine.intake...Instance.0_Middle.third;bool
ts_Alcohol.usually.taken.with.meals...Instance.0_0;bool
ts_Alcohol.usually.taken.with.meals...Instance.0_neg6;bool
ts_Alcohol.usually.taken.with.meals...Instance.0_1;bool
ts_Alcohol.intake.versus.10.years.previously...Instance.0_3;bool
ts_Alcohol.intake.versus.10.years.previously...Instance.0_1;bool
ts_Alcohol.intake.versus.10.years.previously...Instance.0_2;bool
ts_Reason.for.reducing.amount.of.alcohol.drunk...Instance.0_3;bool
ts_Reason.for.reducing.amount.of.alcohol.drunk...Instance.0_5;bool
ts_Reason.for.reducing.amount.of.alcohol.drunk...Instance.0_2;bool
ts_Reason.for.reducing.amount.of.alcohol.drunk...Instance.0_1;bool
ts_Reason.for.reducing.amount.of.alcohol.drunk...Instance.0_4;bool
ts_Reason.former.drinker.stopped.drinking.alcohol...Instance.0_1;bool
ts_Reason.former.drinker.stopped.drinking.alcohol...Instance.0_4;bool
ts_Reason.former.drinker.stopped.drinking.alcohol...Instance.0_5;bool
ts_Reason.former.drinker.stopped.drinking.alcohol...Instance.0_3;bool
ts_Reason.former.drinker.stopped.drinking.alcohol...Instance.0_2;bool
ts_Skin.colour...Instance.0_3;bool
ts_Skin.colour...Instance.0_2;bool
ts_Skin.colour...Instance.0_1;bool
ts_Skin.colour...Instance.0_5;bool
ts_Skin.colour...Instance.0_4;bool
ts_Skin.colour...Instance.0_6;bool
ts_Ease.of.skin.tanning...Instance.0_2;bool
ts_Ease.of.skin.tanning...Instance.0_4;bool
ts_Ease.of.skin.tanning...Instance.0_1;bool
ts_Ease.of.skin.tanning...Instance.0_3;bool
ts_Hair.colour..natural..before.greying....Instance.0_3;bool
ts_Hair.colour..natural..before.greying....Instance.0_4;bool
ts_Hair.colour..natural..before.greying....Instance.0_5;bool
ts_Hair.colour..natural..before.greying....Instance.0_1;bool
ts_Hair.colour..natural..before.greying....Instance.0_6;bool
ts_Facial.ageing...Instance.0_1;bool
ts_Facial.ageing...Instance.0_2;bool
ts_Facial.ageing...Instance.0_3;bool
ts_Use.of.sun.uv.protection...Instance.0_3;bool
ts_Use.of.sun.uv.protection...Instance.0_4;bool
ts_Use.of.sun.uv.protection...Instance.0_2;bool
ts_Use.of.sun.uv.protection...Instance.0_1;bool
ts_Use.of.sun.uv.protection...Instance.0_5;bool
ts_Answered.sexual.history.questions...Instance.0_1;bool
ts_Answered.sexual.history.questions...Instance.0_2;bool
ts_Age.first.had.sexual.intercourse...Instance.0_neg2;bool
ts_Age.first.had.sexual.intercourse...Instance.0_Lower.third;bool
ts_Age.first.had.sexual.intercourse...Instance.0_Upper.third;bool
ts_Age.first.had.sexual.intercourse...Instance.0_Middle.third;bool
ts_Lifetime.number.of.sexual.partners...Instance.0_Lower.third;bool
ts_Lifetime.number.of.sexual.partners...Instance.0_Upper.third;bool
ts_Lifetime.number.of.sexual.partners...Instance.0_Middle.third;bool
ts_Ever.had.same.sex.intercourse...Instance.0_0;bool
ts_Ever.had.same.sex.intercourse...Instance.0_1;bool
ts_Lifetime.number.of.same.sex.sexual.partners...Instance.0_Upper.third;bool
ts_Lifetime.number.of.same.sex.sexual.partners...Instance.0_Middle.third;bool
ts_Comparative.body.size.at.age.10...Instance.0_2;bool
ts_Comparative.body.size.at.age.10...Instance.0_3;bool
ts_Comparative.body.size.at.age.10...Instance.0_1;bool
ts_Comparative.height.size.at.age.10...Instance.0_3;bool
ts_Comparative.height.size.at.age.10...Instance.0_2;bool
ts_Comparative.height.size.at.age.10...Instance.0_1;bool
ts_Handedness..chirality.laterality....Instance.0_1;bool
ts_Handedness..chirality.laterality....Instance.0_2;bool
ts_Handedness..chirality.laterality....Instance.0_3;bool
ts_Adopted.as.a.child...Instance.0_0;bool
ts_Adopted.as.a.child...Instance.0_1;bool
ts_Part.of.a.multiple.birth...Instance.0_0;bool
ts_Part.of.a.multiple.birth...Instance.0_1;bool
ts_Maternal.smoking.around.birth...Instance.0_1;bool
ts_Father.still.alive...Instance.0_0;bool
ts_Adopted.father.still.alive...Instance.0_0;bool
ts_Adopted.father.still.alive...Instance.0_1;bool
ts_Father.s.age...Instance.0_Upper.third;bool
ts_Father.s.age...Instance.0_Middle.third;bool
ts_Father.s.age.at.death...Instance.0_Upper.third;bool
ts_Father.s.age.at.death...Instance.0_Middle.third;bool
ts_Mother.still.alive...Instance.0_0;bool
ts_Adopted.mother.still.alive...Instance.0_0;bool
ts_Mother.s.age...Instance.0_Lower.third;bool
ts_Mother.s.age...Instance.0_Upper.third;bool
ts_Mother.s.age...Instance.0_Middle.third;bool
ts_Mother.s.age.at.death...Instance.0_Middle.third;bool
ts_Number.of.full.brothers...Instance.0_Upper.third;bool
ts_Number.of.full.brothers...Instance.0_Middle.third;bool
ts_Number.of.full.sisters...Instance.0_Upper.third;bool
ts_Number.of.full.sisters...Instance.0_Middle.third;bool
ts_Illnesses.of.adopted.father...Instance.0_1;bool
ts_Illnesses.of.adopted.father...Instance.0_3;bool
ts_Illnesses.of.adopted.father...Instance.0_13;bool
ts_Illnesses.of.adopted.mother...Instance.0_10;bool
ts_Illnesses.of.adopted.mother...Instance.0_4;bool
ts_Illnesses.of.adopted.mother...Instance.0_6;bool
ts_Illnesses.of.adopted.mother...Instance.0_2;bool
ts_Illnesses.of.adopted.mother...Instance.0_11;bool
ts_Illnesses.of.adopted.mother...Instance.0_1;bool
ts_Illnesses.of.adopted.mother...Instance.0_5;bool
ts_Illnesses.of.adopted.mother...Instance.0_3;bool
ts_Illnesses.of.adopted.siblings...Instance.0_neg17;bool
ts_Illnesses.of.adopted.siblings...Instance.0_neg27;bool
ts_Illnesses.of.adopted.siblings...Instance.0_12;bool
ts_Illnesses.of.adopted.siblings...Instance.0_8;bool
ts_Illnesses.of.adopted.siblings...Instance.0_9;bool
ts_Illnesses.of.adopted.siblings...Instance.0_1;bool
ts_Illnesses.of.adopted.siblings...Instance.0_5;bool
ts_Illnesses.of.adopted.siblings...Instance.0_2;bool
ts_Illnesses.of.adopted.siblings...Instance.0_4;bool
ts_Illnesses.of.adopted.siblings...Instance.0_3;bool
ts_Illnesses.of.adopted.siblings...Instance.0_11;bool
ts_Illnesses.of.adopted.siblings...Instance.0_6;bool
ts_Illnesses.of.adopted.siblings...Instance.0_13;bool
ts_Illnesses.of.adopted.siblings...Instance.0_10;bool
ts_Illnesses.of.father...Instance.0_9;bool
ts_Illnesses.of.father...Instance.0_1;bool
ts_Illnesses.of.father...Instance.0_neg27;bool
ts_Illnesses.of.father...Instance.0_3;bool
ts_Illnesses.of.father...Instance.0_neg17;bool
ts_Illnesses.of.father...Instance.0_8;bool
ts_Illnesses.of.father...Instance.0_2;bool
ts_Illnesses.of.father...Instance.0_4;bool
ts_Illnesses.of.father...Instance.0_6;bool
ts_Illnesses.of.father...Instance.0_13;bool
ts_Illnesses.of.father...Instance.0_12;bool
ts_Illnesses.of.father...Instance.0_10;bool
ts_Illnesses.of.father...Instance.0_11;bool
ts_Illnesses.of.mother...Instance.0_12;bool
ts_Illnesses.of.mother...Instance.0_neg17;bool
ts_Illnesses.of.mother...Instance.0_10;bool
ts_Illnesses.of.mother...Instance.0_neg27;bool
ts_Illnesses.of.mother...Instance.0_9;bool
ts_Illnesses.of.mother...Instance.0_5;bool
ts_Illnesses.of.mother...Instance.0_8;bool
ts_Illnesses.of.mother...Instance.0_1;bool
ts_Illnesses.of.mother...Instance.0_3;bool
ts_Illnesses.of.mother...Instance.0_6;bool
ts_Illnesses.of.mother...Instance.0_2;bool
ts_Illnesses.of.mother...Instance.0_4;bool
ts_Illnesses.of.mother...Instance.0_11;bool
ts_Illnesses.of.siblings...Instance.0_12;bool
ts_Illnesses.of.siblings...Instance.0_9;bool
ts_Illnesses.of.siblings...Instance.0_neg27;bool
ts_Illnesses.of.siblings...Instance.0_neg17;bool
ts_Illnesses.of.siblings...Instance.0_8;bool
ts_Illnesses.of.siblings...Instance.0_4;bool
ts_Illnesses.of.siblings...Instance.0_1;bool
ts_Illnesses.of.siblings...Instance.0_3;bool
ts_Illnesses.of.siblings...Instance.0_5;bool
ts_Illnesses.of.siblings...Instance.0_2;bool
ts_Illnesses.of.siblings...Instance.0_6;bool
ts_Illnesses.of.siblings...Instance.0_10;bool
ts_Illnesses.of.siblings...Instance.0_13;bool
ts_Illnesses.of.siblings...Instance.0_11;bool
ts_Frequency.of.friend.family.visits...Instance.0_3;bool
ts_Frequency.of.friend.family.visits...Instance.0_2;bool
ts_Frequency.of.friend.family.visits...Instance.0_4;bool
ts_Frequency.of.friend.family.visits...Instance.0_1;bool
ts_Frequency.of.friend.family.visits...Instance.0_5;bool
ts_Frequency.of.friend.family.visits...Instance.0_7;bool
ts_Frequency.of.friend.family.visits...Instance.0_6;bool
ts_Leisure.social.activities...Instance.0_1;bool
ts_Leisure.social.activities...Instance.0_3;bool
ts_Leisure.social.activities...Instance.0_4;bool
ts_Leisure.social.activities...Instance.0_neg7;bool
ts_Leisure.social.activities...Instance.0_5;bool
ts_Leisure.social.activities...Instance.0_2;bool
ts_Able.to.confide...Instance.0_5;bool
ts_Able.to.confide...Instance.0_0;bool
ts_Able.to.confide...Instance.0_1;bool
ts_Able.to.confide...Instance.0_3;bool
ts_Able.to.confide...Instance.0_4;bool
ts_Able.to.confide...Instance.0_2;bool
ts_Mood.swings...Instance.0_0;bool
ts_Mood.swings...Instance.0_1;bool
ts_Miserableness...Instance.0_0;bool
ts_Miserableness...Instance.0_1;bool
ts_Irritability...Instance.0_0;bool
ts_Irritability...Instance.0_1;bool
ts_Sensitivity...hurt.feelings...Instance.0_1;bool
ts_Fed.up.feelings...Instance.0_0;bool
ts_Fed.up.feelings...Instance.0_1;bool
ts_Nervous.feelings...Instance.0_0;bool
ts_Nervous.feelings...Instance.0_1;bool
ts_Worrier...anxious.feelings...Instance.0_1;bool
ts_Worrier...anxious.feelings...Instance.0_0;bool
ts_Tense....highly.strung....Instance.0_0;bool
ts_Tense....highly.strung....Instance.0_1;bool
ts_Worry.too.long.after.embarrassment...Instance.0_1;bool
ts_Worry.too.long.after.embarrassment...Instance.0_0;bool
ts_Suffer.from..nerves....Instance.0_1;bool
ts_Suffer.from..nerves....Instance.0_0;bool
ts_Loneliness..isolation...Instance.0_1;bool
ts_Loneliness..isolation...Instance.0_0;bool
ts_Guilty.feelings...Instance.0_1;bool
ts_Guilty.feelings...Instance.0_0;bool
ts_Risk.taking...Instance.0_0;bool
ts_Risk.taking...Instance.0_1;bool
ts_Frequency.of.depressed.mood.in.last.2.weeks...Instance.0_1;bool
ts_Frequency.of.depressed.mood.in.last.2.weeks...Instance.0_2;bool
ts_Frequency.of.depressed.mood.in.last.2.weeks...Instance.0_3;bool
ts_Frequency.of.unenthusiasm...disinterest.in.last.2.weeks...Instance.0_1;bool
ts_Frequency.of.unenthusiasm...disinterest.in.last.2.weeks...Instance.0_3;bool
ts_Frequency.of.unenthusiasm...disinterest.in.last.2.weeks...Instance.0_2;bool
ts_Frequency.of.unenthusiasm...disinterest.in.last.2.weeks...Instance.0_4;bool
ts_Frequency.of.tenseness...restlessness.in.last.2.weeks...Instance.0_2;bool
ts_Frequency.of.tenseness...restlessness.in.last.2.weeks...Instance.0_1;bool
ts_Frequency.of.tenseness...restlessness.in.last.2.weeks...Instance.0_4;bool
ts_Frequency.of.tenseness...restlessness.in.last.2.weeks...Instance.0_3;bool
ts_Frequency.of.tiredness...lethargy.in.last.2.weeks...Instance.0_2;bool
ts_Frequency.of.tiredness...lethargy.in.last.2.weeks...Instance.0_1;bool
ts_Frequency.of.tiredness...lethargy.in.last.2.weeks...Instance.0_4;bool
ts_Frequency.of.tiredness...lethargy.in.last.2.weeks...Instance.0_3;bool
ts_Seen.doctor..GP..for.nerves..anxiety..tension.or.depression...Instance.0_0;bool
ts_Seen.doctor..GP..for.nerves..anxiety..tension.or.depression...Instance.0_1;bool
ts_Seen.a.psychiatrist.for.nerves..anxiety..tension.or.depression...Instance.0_0;bool
ts_Seen.a.psychiatrist.for.nerves..anxiety..tension.or.depression...Instance.0_1;bool
ts_Illness..injury..bereavement..stress.in.last.2.years...Instance.0_6;bool
ts_Illness..injury..bereavement..stress.in.last.2.years...Instance.0_neg7;bool
ts_Illness..injury..bereavement..stress.in.last.2.years...Instance.0_3;bool
ts_Illness..injury..bereavement..stress.in.last.2.years...Instance.0_1;bool
ts_Illness..injury..bereavement..stress.in.last.2.years...Instance.0_2;bool
ts_Illness..injury..bereavement..stress.in.last.2.years...Instance.0_5;bool
ts_Illness..injury..bereavement..stress.in.last.2.years...Instance.0_4;bool
ts_Wears.glasses.or.contact.lenses...Instance.0_1;bool
ts_Wears.glasses.or.contact.lenses...Instance.0_0;bool
ts_Age.started.wearing.glasses.or.contact.lenses...Instance.0_Lower.third;bool
ts_Age.started.wearing.glasses.or.contact.lenses...Instance.0_Upper.third;bool
ts_Mouth.teeth.dental.problems...Instance.0_3;bool
ts_Mouth.teeth.dental.problems...Instance.0_4;bool
ts_Mouth.teeth.dental.problems...Instance.0_neg7;bool
ts_Mouth.teeth.dental.problems...Instance.0_1;bool
ts_Mouth.teeth.dental.problems...Instance.0_6;bool
ts_Mouth.teeth.dental.problems...Instance.0_5;bool
ts_Mouth.teeth.dental.problems...Instance.0_2;bool
ts_Overall.health.rating...Instance.0_2;bool
ts_Overall.health.rating...Instance.0_1;bool
ts_Overall.health.rating...Instance.0_3;bool
ts_Overall.health.rating...Instance.0_4;bool
ts_Long.standing.illness..disability.or.infirmity...Instance.0_0;bool
ts_Long.standing.illness..disability.or.infirmity...Instance.0_1;bool
ts_Falls.in.the.last.year...Instance.0_2;bool
ts_Falls.in.the.last.year...Instance.0_1;bool
ts_Falls.in.the.last.year...Instance.0_3;bool
ts_Weight.change.compared.with.1.year.ago...Instance.0_2;bool
ts_Weight.change.compared.with.1.year.ago...Instance.0_0;bool
ts_Weight.change.compared.with.1.year.ago...Instance.0_3;bool
ts_Wheeze.or.whistling.in.the.chest.in.last.year...Instance.0_0;bool
ts_Wheeze.or.whistling.in.the.chest.in.last.year...Instance.0_1;bool
ts_Pain.type.s..experienced.in.last.month...Instance.0_7;bool
ts_Pain.type.s..experienced.in.last.month...Instance.0_1;bool
ts_Pain.type.s..experienced.in.last.month...Instance.0_4;bool
ts_Pain.type.s..experienced.in.last.month...Instance.0_3;bool
ts_Pain.type.s..experienced.in.last.month...Instance.0_neg7;bool
ts_Pain.type.s..experienced.in.last.month...Instance.0_6;bool
ts_Pain.type.s..experienced.in.last.month...Instance.0_5;bool
ts_Pain.type.s..experienced.in.last.month...Instance.0_8;bool
ts_Pain.type.s..experienced.in.last.month...Instance.0_2;bool
ts_Headaches.for.3..months...Instance.0_0;bool
ts_Headaches.for.3..months...Instance.0_1;bool
ts_Facial.pains.for.3..months...Instance.0_0;bool
ts_Facial.pains.for.3..months...Instance.0_1;bool
ts_Neck.shoulder.pain.for.3..months...Instance.0_1;bool
ts_Neck.shoulder.pain.for.3..months...Instance.0_0;bool
ts_Back.pain.for.3..months...Instance.0_1;bool
ts_Back.pain.for.3..months...Instance.0_0;bool
ts_Stomach.abdominal.pain.for.3..months...Instance.0_0;bool
ts_Stomach.abdominal.pain.for.3..months...Instance.0_1;bool
ts_Hip.pain.for.3..months...Instance.0_1;bool
ts_Hip.pain.for.3..months...Instance.0_0;bool
ts_Knee.pain.for.3..months...Instance.0_0;bool
ts_Knee.pain.for.3..months...Instance.0_1;bool
ts_General.pain.for.3..months...Instance.0_1;bool
ts_General.pain.for.3..months...Instance.0_0;bool
ts_Chest.pain.or.discomfort...Instance.0_0;bool
ts_Chest.pain.or.discomfort...Instance.0_1;bool
ts_Chest.pain.or.discomfort.walking.normally...Instance.0_0;bool
ts_Chest.pain.or.discomfort.walking.normally...Instance.0_1;bool
ts_Chest.pain.or.discomfort.when.walking.uphill.or.hurrying...Instance.0_0;bool
ts_Chest.pain.or.discomfort.when.walking.uphill.or.hurrying...Instance.0_1;bool
ts_Chest.pain.due.to.walking.ceases.when.standing.still...Instance.0_1;bool
ts_Chest.pain.due.to.walking.ceases.when.standing.still...Instance.0_0;bool
ts_Ever.had.bowel.cancer.screening...Instance.0_0;bool
ts_Ever.had.bowel.cancer.screening...Instance.0_1;bool
ts_Most.recent.bowel.cancer.screening...Instance.0_Lower.third;bool
ts_Most.recent.bowel.cancer.screening...Instance.0_Upper.third;bool
ts_Most.recent.bowel.cancer.screening...Instance.0_Middle.third;bool
ts_Time.since.last.prostate.specific.antigen..PSA..test...Instance.0_Lower.third;bool
ts_Time.since.last.prostate.specific.antigen..PSA..test...Instance.0_Upper.third;bool
ts_Time.since.last.prostate.specific.antigen..PSA..test...Instance.0_Middle.third;bool
ts_Combined.sex.major.operations_0;bool
ts_Combined.sex.major.operations_1;bool
ts_Vascular.heart.problems.diagnosed.by.doctor...Instance.0_neg7;bool
ts_Vascular.heart.problems.diagnosed.by.doctor...Instance.0_4;bool
ts_Vascular.heart.problems.diagnosed.by.doctor...Instance.0_1;bool
ts_Vascular.heart.problems.diagnosed.by.doctor...Instance.0_2;bool
ts_Vascular.heart.problems.diagnosed.by.doctor...Instance.0_3;bool
ts_Age.heart.attack.diagnosed...Instance.0_Lower.third;bool
ts_Age.heart.attack.diagnosed...Instance.0_Upper.third;bool
ts_Age.heart.attack.diagnosed...Instance.0_Middle.third;bool
ts_Age.angina.diagnosed...Instance.0_Lower.third;bool
ts_Age.angina.diagnosed...Instance.0_Upper.third;bool
ts_Age.angina.diagnosed...Instance.0_Middle.third;bool
ts_Age.stroke.diagnosed...Instance.0_Lower.third;bool
ts_Age.stroke.diagnosed...Instance.0_Upper.third;bool
ts_Age.stroke.diagnosed...Instance.0_Middle.third;bool
ts_Age.high.blood.pressure.diagnosed...Instance.0_Lower.third;bool
ts_Age.high.blood.pressure.diagnosed...Instance.0_Upper.third;bool
ts_Age.high.blood.pressure.diagnosed...Instance.0_Middle.third;bool
ts_Blood.clot..DVT..bronchitis..emphysema..asthma..rhinitis..eczema..allergy.diagnosed.by.doctor...Instance.0_9;bool
ts_Blood.clot..DVT..bronchitis..emphysema..asthma..rhinitis..eczema..allergy.diagnosed.by.doctor...Instance.0_neg7;bool
ts_Blood.clot..DVT..bronchitis..emphysema..asthma..rhinitis..eczema..allergy.diagnosed.by.doctor...Instance.0_7;bool
ts_Blood.clot..DVT..bronchitis..emphysema..asthma..rhinitis..eczema..allergy.diagnosed.by.doctor...Instance.0_8;bool
ts_Blood.clot..DVT..bronchitis..emphysema..asthma..rhinitis..eczema..allergy.diagnosed.by.doctor...Instance.0_5;bool
ts_Blood.clot..DVT..bronchitis..emphysema..asthma..rhinitis..eczema..allergy.diagnosed.by.doctor...Instance.0_6;bool
ts_Age.deep.vein.thrombosis..DVT..blood.clot.in.leg..diagnosed...Instance.0_Lower.third;bool
ts_Age.deep.vein.thrombosis..DVT..blood.clot.in.leg..diagnosed...Instance.0_Upper.third;bool
ts_Age.deep.vein.thrombosis..DVT..blood.clot.in.leg..diagnosed...Instance.0_Middle.third;bool
ts_Age.pulmonary.embolism..blood.clot.in.lung..diagnosed...Instance.0_Lower.third;bool
ts_Age.pulmonary.embolism..blood.clot.in.lung..diagnosed...Instance.0_Upper.third;bool
ts_Age.pulmonary.embolism..blood.clot.in.lung..diagnosed...Instance.0_Middle.third;bool
ts_Age.emphysema.chronic.bronchitis.diagnosed...Instance.0_Lower.third;bool
ts_Age.emphysema.chronic.bronchitis.diagnosed...Instance.0_Upper.third;bool
ts_Age.emphysema.chronic.bronchitis.diagnosed...Instance.0_Middle.third;bool
ts_Age.asthma.diagnosed...Instance.0_Lower.third;bool
ts_Age.asthma.diagnosed...Instance.0_Upper.third;bool
ts_Age.asthma.diagnosed...Instance.0_Middle.third;bool
ts_Age.hay.fever..rhinitis.or.eczema.diagnosed...Instance.0_Lower.third;bool
ts_Age.hay.fever..rhinitis.or.eczema.diagnosed...Instance.0_Upper.third;bool
ts_Age.hay.fever..rhinitis.or.eczema.diagnosed...Instance.0_Middle.third;bool
ts_Diabetes.diagnosed.by.doctor...Instance.0_0;bool
ts_Diabetes.diagnosed.by.doctor...Instance.0_1;bool
ts_Gestational.diabetes.only...Instance.0_0;bool
ts_Gestational.diabetes.only...Instance.0_1;bool
ts_Gestational.diabetes.only...Instance.0_neg2;bool
ts_Age.diabetes.diagnosed...Instance.0_Lower.third;bool
ts_Age.diabetes.diagnosed...Instance.0_Upper.third;bool
ts_Age.diabetes.diagnosed...Instance.0_Middle.third;bool
ts_Started.insulin.within.one.year.diagnosis.of.diabetes...Instance.0_1;bool
ts_Started.insulin.within.one.year.diagnosis.of.diabetes...Instance.0_0;bool
ts_Cancer.diagnosed.by.doctor...Instance.0_0;bool
ts_Cancer.diagnosed.by.doctor...Instance.0_1;bool
ts_Fractured.broken.bones.in.last.5.years...Instance.0_0;bool
ts_Fractured.broken.bones.in.last.5.years...Instance.0_1;bool
ts_Fractured.bone.site.s....Instance.0_6;bool
ts_Fractured.bone.site.s....Instance.0_1;bool
ts_Fractured.bone.site.s....Instance.0_5;bool
ts_Fractured.bone.site.s....Instance.0_7;bool
ts_Fractured.bone.site.s....Instance.0_2;bool
ts_Fractured.bone.site.s....Instance.0_3;bool
ts_Fractured.bone.site.s....Instance.0_4;bool
ts_Fracture.resulting.from.simple.fall...Instance.0_1;bool
ts_Fracture.resulting.from.simple.fall...Instance.0_0;bool
ts_Other.serious.medical.condition.disability.diagnosed.by.doctor...Instance.0_0;bool
ts_Other.serious.medical.condition.disability.diagnosed.by.doctor...Instance.0_1;bool
ts_Combined.sex.medication_neg7;bool
ts_Combined.sex.medication_4;bool
ts_Combined.sex.medication_5;bool
ts_Combined.sex.medication_1;bool
ts_Combined.sex.medication_2;bool
ts_Combined.sex.medication_3;bool
ts_Taking.other.prescription.medications...Instance.0_1;bool
ts_Taking.other.prescription.medications...Instance.0_0;bool
ts_Medication.for.pain.relief..constipation..heartburn...Instance.0_neg7;bool
ts_Medication.for.pain.relief..constipation..heartburn...Instance.0_3;bool
ts_Medication.for.pain.relief..constipation..heartburn...Instance.0_1;bool
ts_Medication.for.pain.relief..constipation..heartburn...Instance.0_6;bool
ts_Medication.for.pain.relief..constipation..heartburn...Instance.0_5;bool
ts_Medication.for.pain.relief..constipation..heartburn...Instance.0_4;bool
ts_Vitamin.and.mineral.supplements...Instance.0_neg7;bool
ts_Vitamin.and.mineral.supplements...Instance.0_1;bool
ts_Vitamin.and.mineral.supplements...Instance.0_3;bool
ts_Vitamin.and.mineral.supplements...Instance.0_5;bool
ts_Vitamin.and.mineral.supplements...Instance.0_2;bool
ts_Vitamin.and.mineral.supplements...Instance.0_4;bool
ts_Vitamin.and.mineral.supplements...Instance.0_6;bool
ts_Mineral.and.other.dietary.supplements...Instance.0_1;bool
ts_Mineral.and.other.dietary.supplements...Instance.0_neg7;bool
ts_Mineral.and.other.dietary.supplements...Instance.0_2;bool
ts_Mineral.and.other.dietary.supplements...Instance.0_3;bool
ts_Mineral.and.other.dietary.supplements...Instance.0_6;bool
ts_Mineral.and.other.dietary.supplements...Instance.0_5;bool
ts_Mineral.and.other.dietary.supplements...Instance.0_4;bool
ts_Hearing.difficulty.problems...Instance.0_0;bool
ts_Hearing.difficulty.problems...Instance.0_1;bool
ts_Hearing.difficulty.problems...Instance.0_99;bool
ts_Hearing.difficulty.problems.with.background.noise...Instance.0_0;bool
ts_Hearing.difficulty.problems.with.background.noise...Instance.0_1;bool
ts_Hearing.aid.user...Instance.0_0;bool
ts_Hearing.aid.user...Instance.0_1;bool
ts_Relative.age.of.first.facial.hair...Instance.0_2;bool
ts_Relative.age.of.first.facial.hair...Instance.0_1;bool
ts_Relative.age.of.first.facial.hair...Instance.0_3;bool
ts_Relative.age.voice.broke...Instance.0_2;bool
ts_Relative.age.voice.broke...Instance.0_3;bool
ts_Relative.age.voice.broke...Instance.0_1;bool
ts_Hair.balding.pattern...Instance.0_1;bool
ts_Hair.balding.pattern...Instance.0_2;bool
ts_Hair.balding.pattern...Instance.0_3;bool
ts_Hair.balding.pattern...Instance.0_4;bool
ts_Number.of.children.fathered...Instance.0_Lower.third;bool
ts_Number.of.children.fathered...Instance.0_Upper.third;bool
ts_Number.of.children.fathered...Instance.0_Middle.third;bool
ts_Ever.had.breast.cancer.screening...mammogram...Instance.0_1;bool
ts_Ever.had.breast.cancer.screening...mammogram...Instance.0_0;bool
ts_Years.since.last.breast.cancer.screening...mammogram...Instance.0_Lower.third;bool
ts_Years.since.last.breast.cancer.screening...mammogram...Instance.0_Upper.third;bool
ts_Years.since.last.breast.cancer.screening...mammogram...Instance.0_Middle.third;bool
ts_Ever.had.cervical.smear.test...Instance.0_1;bool
ts_Ever.had.cervical.smear.test...Instance.0_0;bool
ts_Years.since.last.cervical.smear.test...Instance.0_Lower.third;bool
ts_Years.since.last.cervical.smear.test...Instance.0_Upper.third;bool
ts_Years.since.last.cervical.smear.test...Instance.0_Middle.third;bool
ts_Age.when.periods.started..menarche....Instance.0_Lower.third;bool
ts_Age.when.periods.started..menarche....Instance.0_Upper.third;bool
ts_Age.when.periods.started..menarche....Instance.0_Middle.third;bool
ts_Had.menopause...Instance.0_0;bool
ts_Had.menopause...Instance.0_1;bool
ts_Had.menopause...Instance.0_2;bool
ts_Had.menopause...Instance.0_3;bool
ts_Age.at.menopause..last.menstrual.period....Instance.0_Lower.third;bool
ts_Age.at.menopause..last.menstrual.period....Instance.0_Upper.third;bool
ts_Age.at.menopause..last.menstrual.period....Instance.0_Middle.third;bool
ts_Time.since.last.menstrual.period...Instance.0_Lower.third;bool
ts_Time.since.last.menstrual.period...Instance.0_Upper.third;bool
ts_Time.since.last.menstrual.period...Instance.0_Middle.third;bool
ts_Length.of.menstrual.cycle...Instance.0_neg6;bool
ts_Length.of.menstrual.cycle...Instance.0_Lower.third;bool
ts_Length.of.menstrual.cycle...Instance.0_Middle.third;bool
ts_Menstruating.today...Instance.0_0;bool
ts_Number.of.live.births...Instance.0_Lower.third;bool
ts_Number.of.live.births...Instance.0_Upper.third;bool
ts_Birth.weight.of.first.child...Instance.0_neg2;bool
ts_Birth.weight.of.first.child...Instance.0_Lower.third;bool
ts_Birth.weight.of.first.child...Instance.0_Upper.third;bool
ts_Birth.weight.of.first.child...Instance.0_Middle.third;bool
ts_Age.of.primiparous.women.at.birth.of.child...Instance.0_Lower.third;bool
ts_Age.of.primiparous.women.at.birth.of.child...Instance.0_Upper.third;bool
ts_Age.of.primiparous.women.at.birth.of.child...Instance.0_Middle.third;bool
ts_Age.at.first.live.birth...Instance.0_Lower.third;bool
ts_Age.at.first.live.birth...Instance.0_Upper.third;bool
ts_Age.at.first.live.birth...Instance.0_Middle.third;bool
ts_Age.at.last.live.birth...Instance.0_Lower.third;bool
ts_Age.at.last.live.birth...Instance.0_Upper.third;bool
ts_Age.at.last.live.birth...Instance.0_Middle.third;bool
ts_Ever.had.stillbirth..spontaneous.miscarriage.or.termination...Instance.0_1;bool
ts_Ever.had.stillbirth..spontaneous.miscarriage.or.termination...Instance.0_0;bool
ts_Number.of.stillbirths...Instance.0_Upper.third;bool
ts_Number.of.stillbirths...Instance.0_Middle.third;bool
ts_Number.of.spontaneous.miscarriages...Instance.0_Upper.third;bool
ts_Number.of.spontaneous.miscarriages...Instance.0_Middle.third;bool
ts_Number.of.pregnancy.terminations...Instance.0_Upper.third;bool
ts_Number.of.pregnancy.terminations...Instance.0_Middle.third;bool
ts_Ever.taken.oral.contraceptive.pill...Instance.0_1;bool
ts_Ever.taken.oral.contraceptive.pill...Instance.0_0;bool
ts_Age.started.oral.contraceptive.pill...Instance.0_Lower.third;bool
ts_Age.started.oral.contraceptive.pill...Instance.0_Upper.third;bool
ts_Age.started.oral.contraceptive.pill...Instance.0_Middle.third;bool
ts_Age.when.last.used.oral.contraceptive.pill...Instance.0_Lower.third;bool
ts_Age.when.last.used.oral.contraceptive.pill...Instance.0_Upper.third;bool
ts_Age.when.last.used.oral.contraceptive.pill...Instance.0_Middle.third;bool
ts_Ever.used.hormone.replacement.therapy..HRT....Instance.0_0;bool
ts_Ever.used.hormone.replacement.therapy..HRT....Instance.0_1;bool
ts_Age.started.hormone.replacement.therapy..HRT....Instance.0_Upper.third;bool
ts_Age.started.hormone.replacement.therapy..HRT....Instance.0_Middle.third;bool
ts_Age.last.used.hormone.replacement.therapy..HRT....Instance.0_neg11;bool
ts_Age.last.used.hormone.replacement.therapy..HRT....Instance.0_Lower.third;bool
ts_Age.last.used.hormone.replacement.therapy..HRT....Instance.0_Upper.third;bool
ts_Age.last.used.hormone.replacement.therapy..HRT....Instance.0_Middle.third;bool
ts_Ever.had.hysterectomy..womb.removed....Instance.0_0;bool
ts_Ever.had.hysterectomy..womb.removed....Instance.0_1;bool
ts_Age.at.hysterectomy...Instance.0_Lower.third;bool
ts_Age.at.hysterectomy...Instance.0_Upper.third;bool
ts_Age.at.hysterectomy...Instance.0_Middle.third;bool
ts_Bilateral.oophorectomy..both.ovaries.removed....Instance.0_0;bool
ts_Bilateral.oophorectomy..both.ovaries.removed....Instance.0_1;bool
ts_Age.at.bilateral.oophorectomy..both.ovaries.removed....Instance.0_Lower.third;bool
ts_Age.at.bilateral.oophorectomy..both.ovaries.removed....Instance.0_Upper.third;bool
ts_Age.at.bilateral.oophorectomy..both.ovaries.removed....Instance.0_Middle.third;bool
clinicalrisk_Age.at.recruitment;float64
clinicalrisk_Sex_0;bool
clinicalrisk_Sex_1;bool
clinicalrisk_Smoking.status...Instance.0_2;bool
clinicalrisk_Alcohol.intake.frequency....Instance.0_1;bool
clinicalrisk_Sum.Duration.of.activity;float64
clinicalrisk_Age.completed.full.time.education...Instance.0_neg2;bool
clinicalrisk_Age.completed.full.time.education...Instance.0_Lower.third;bool
clinicalrisk_Age.completed.full.time.education...Instance.0_Upper.third;bool
clinicalrisk_Age.completed.full.time.education...Instance.0_Middle.third;bool
clinicalrisk_Vegetable.and.fruit.intake;float64
clinicalrisk_Illnesses.of.father...Instance.0_9;bool
clinicalrisk_Illnesses.of.mother...Instance.0_9;bool
clinicalrisk_Illnesses.of.siblings...Instance.0_9;bool
clinicalrisk_Type.2.diabetes;bool
clinicalrisk_Body.mass.index..BMI....Instance.0;float64
clinicalrisk_Waist.circumference...Instance.0;float64
clinicalrisk_Waist.hip.ratio;float64
clinicalrisk_Weight...Instance.0;float64
clinicalrisk_Standing.height...Instance.0;float64
clinicalrisk_SBP_mean;float64
clinicalrisk_Cholesterol...Instance.0;float64
clinicalrisk_HDL.cholesterol...Instance.0;float64
clinicalrisk_LDL.direct...Instance.0;float64
clinicalrisk_Triglycerides...Instance.0;float64
clinicalrisk_Glucose...Instance.0;float64
clinicalrisk_Glycated.haemoglobin..HbA1c....Instance.0;float64
clinicalrisk_Aspartate.aminotransferase...Instance.0;float64
clinicalrisk_Alanine.aminotransferase...Instance.0;float64
clinicalrisk_Alkaline.phosphatase...Instance.0;float64
clinicalrisk_Albumin...Instance.0;float64
clinicalrisk_Creatinine...Instance.0;float64
clinicalrisk_Cystatin.C...Instance.0;float64
clinicalrisk_Urea...Instance.0;float64
clinicalrisk_Urate...Instance.0;float64
clinicalrisk_C.reactive.protein...Instance.0;float64
clinicalrisk_Red.blood.cell..erythrocyte..count...Instance.0;float64
clinicalrisk_White.blood.cell..leukocyte..count...Instance.0;float64
clinicalrisk_Platelet.count...Instance.0;float64
clinicalrisk_Haemoglobin.concentration...Instance.0;float64
clinicalrisk_Haematocrit.percentage...Instance.0;float64
clinicalrisk_Mean.corpuscular.haemoglobin...Instance.0;float64
clinicalrisk_Mean.corpuscular.volume...Instance.0;float64
clinicalrisk_Mean.corpuscular.haemoglobin.concentration...Instance.0;float64
clinicalrisk_antihypertensives;bool
nhc_Age.at.recruitment;float64
nhc_Sex_0;bool
nhc_Sex_1;bool
nhc_Smoking.status...Instance.0_2;bool
nhc_Illnesses.of.relatives.0_1;bool
nhc_BMI;float64
nhc_Cholesterol...Instance.0;float64
nhc_SBP_mean;float64
qrisk_Age.at.recruitment;float64
qrisk_Sex_0;bool
qrisk_Sex_1;bool
qrisk_Townsend.deprivation.index.at.recruitment;float64
qrisk_Smoking.status...Instance.0_0;bool
qrisk_Smoking.status...Instance.0_1;bool
qrisk_Number.of.cigarettes.currently.smoked.daily..current.cigarette.smokers....Instance.0;float64
qrisk_Type.1.Diabetes;bool
qrisk_Type.2.diabetes;bool
qrisk_Illnesses.of.relatives.0_1;bool
qrisk_Chronic.kidney.disease;bool
qrisk_Atrial.fibrillation;bool
qrisk_antihypertensives;bool
qrisk_Migraine;bool
qrisk_Rheumatoid.arthritis;bool
qrisk_Systemic.lupus.erythematosus;bool
qrisk_Mental.illness;bool
qrisk_atypical.antipsychotics;bool
qrisk_corticosteroids;bool
qrisk_Erectile.dysfunction;bool
qrisk_Cholesterol.to.HDL.ratio;float64
qrisk_SBP_mean;float64
qrisk_SBP_sd;float64
prevent_Sex_0;bool
prevent_Sex_1;bool
prevent_Age.at.recruitment;float64
prevent_Cholesterol...Instance.0;float64
prevent_HDL.cholesterol...Instance.0;float64
prevent_SBP_mean;float64
prevent_BMI;float64
prevent_eGFR;float64
prevent_Diabetes;bool
prevent_Smoking.status...Instance.0_2;bool
prevent_antihypertensives;bool
prevent_LLM;bool
prevent_UACR;float64
prevent_Glycated.haemoglobin..HbA1c....Instance.0;float64
prevent_Townsend.deprivation.index.at.recruitment;float64
score_Age.at.recruitment;float64
score_Sex_0;bool
score_Sex_1;bool
score_Smoking.status...Instance.0_2;bool
score_SBP_mean;float64
score_Cholesterol...Instance.0;float64
score_HDL.cholesterol...Instance.0;float64
AD_status;bool
CVD_status;bool
DM_status;bool
LD_status;bool
RD_status;bool
AF_status;bool
HF_status;bool
CAD_status;bool
VT_status;bool
ISS_status;bool
AAA_status;bool
PAD_status;bool
AS_status;bool
COPD_status;bool
LC_status;bool
MEL_status;bool
CRC_status;bool
PC_status;bool
BC_status;bool
PD_status;bool
OP_status;bool
CAT_status;bool
POAG_status;bool
HT_status;bool
AD_followup;float64
CVD_followup;float64
DM_followup;float64
LD_followup;float64
RD_followup;float64
AF_followup;float64
HF_followup;float64
CAD_followup;float64
VT_followup;float64
ISS_followup;float64
AAA_followup;float64
PAD_followup;float64
AS_followup;float64
COPD_followup;float64
LC_followup;float64
MEL_followup;float64
CRC_followup;float64
PC_followup;float64
BC_followup;float64
PD_followup;float64
OP_followup;float64
CAT_followup;float64
POAG_followup;float64
HT_followup;float64
AD_at_base;bool
CVD_at_base;bool
DM_at_base;bool
LD_at_base;bool
RD_at_base;bool
AF_at_base;bool
HF_at_base;bool
CAD_at_base;bool
VT_at_base;bool
ISS_at_base;bool
AAA_at_base;bool
PAD_at_base;bool
AS_at_base;bool
COPD_at_base;bool
LC_at_base;bool
MEL_at_base;bool
CRC_at_base;bool
PC_at_base;bool
BC_at_base;bool
PD_at_base;bool
OP_at_base;bool
CAT_at_base;bool
POAG_at_base;bool
HT_at_base;bool
testtrain;object
nhc_GPPAQ_active;bool
nhc_GPPAQ_inactive;bool
nhc_GPPAQ_moderatelyactive;bool
nhc_GPPAQ_moderatelyinactive;bool
nhc_AUDIT.C.score;float64
nhc_qrisk_score;float64
nhc_ethnic_1;bool
nhc_ethnic_2;bool
nhc_ethnic_3;bool
nhc_ethnic_4;bool
nhc_ethnic_5;bool
nhc_ethnic_6;bool
nhc_ethnic_7;bool
nhc_ethnic_8;bool
nhc_ethnic_9;bool
qrisk_ethnic_1;bool
qrisk_ethnic_2;bool
qrisk_ethnic_3;bool
qrisk_ethnic_4;bool
qrisk_ethnic_5;bool
qrisk_ethnic_6;bool
qrisk_ethnic_7;bool
qrisk_ethnic_8;bool
qrisk_ethnic_9;bool
